bjd,flux,error
2460172.5598311066,1.0009960799939492,1.0022986120766577
2460172.5599238817,0.9977876340783651,1.0022986120766577
2460172.5600165725,0.9986321367844322,1.0022986120766577
2460172.5601095282,1.0001590883848006,1.0022986120766577
2460172.5602024077,0.9992085943017838,1.0022986120766577
2460172.560295032,1.0005841831570743,1.0022986120766577
2460172.5603878666,0.9984834947611024,1.0022986120766577
2460172.560480573,0.9963107145405056,1.0022986120766577
2460172.5605734047,0.997197488459077,1.0022986120766577
2460172.5606662636,1.0011242563404041,1.0022986120766577
2460172.5607589283,1.0020061493276335,1.0022986120766577
2460172.560851749,1.0002274762030678,1.0022986120766577
2460172.560944617,0.9985343070551698,1.0022986120766577
2460172.561037424,0.9999507971330178,1.0022986120766577
2460172.56112997,0.9994866354591835,1.0022986120766577
2460172.5612223526,1.0009768852365544,1.0022986120766577
2460172.561315102,1.0012551432249874,1.0022986120766577
2460172.561407716,1.0022924617658076,1.0022986120766577
2460172.561500437,0.9984552311301482,1.0022986120766577
2460172.561592824,1.001609036169906,1.0022986120766577
2460172.561685629,1.0016706076992563,1.0022986120766577
2460172.561778566,1.0027225118236582,1.0022986120766577
2460172.561872356,1.0012684100793208,1.0022986120766577
2460172.561965265,1.0032027642733012,1.0022986120766577
2460172.562058191,1.0002481142411574,1.0022986120766577
2460172.562151073,1.0021016747489515,1.0022986120766577
2460172.562244049,1.0034398173234587,1.0022986120766577
2460172.5623369734,0.9974996216679739,1.0022986120766577
2460172.562429814,1.0018729141842677,1.0022986120766577
2460172.5625227257,0.9988922345961817,1.0022986120766577
2460172.562615568,1.0006753792964136,1.0022986120766577
2460172.562708486,0.9990474899213145,1.0022986120766577
2460172.562801496,1.0014167552263666,1.0022986120766577
2460172.5628943583,0.999465223355432,1.0022986120766577
2460172.562987153,0.9985592562150892,1.0022986120766577
2460172.5630799523,0.9977972528178782,1.0022986120766577
2460172.563172825,1.001960467573642,1.0022986120766577
2460172.5632656654,0.99990168071281,1.0022986120766577
2460172.5633584503,1.0027781917187697,1.0022986120766577
2460172.563451392,1.0029190536324546,1.0022986120766577
2460172.5635443223,0.9978882176890457,1.0022986120766577
2460172.56363751,0.9974240933832753,1.0022986120766577
2460172.5637306524,1.0010780864727815,1.0022986120766577
2460172.5638234075,0.99809227094568,1.0022986120766577
2460172.5639163614,1.0001675992934609,1.0022986120766577
2460172.56400906,0.9965780121302911,1.0022986120766577
2460172.5641020043,0.9997883425431645,1.0022986120766577
2460172.564194677,0.9982922420218064,1.0022986120766577
2460172.5642874655,1.0024579261324984,1.0022986120766577
2460172.564380277,0.9997920973847614,1.0022986120766577
2460172.5644729664,1.0023925764930652,1.0022986120766577
2460172.5645656805,1.004980229724399,1.0022986120766577
2460172.564658548,0.9990769090711715,1.0022986120766577
2460172.56475126,1.0006614884235447,1.0022986120766577
2460172.564844182,1.0032677518023554,1.0022986120766577
2460172.5649369475,1.0011603831530493,1.0022986120766577
2460172.5650299513,1.002617774004796,1.0022986120766577
2460172.5651226435,0.9958902995304503,1.0022986120766577
2460172.5652156565,0.9979947685769408,1.0022986120766577
2460172.5653082286,0.9997720663588203,1.0022986120766577
2460172.5654010456,1.0006067184324967,1.0022986120766577
2460172.5654938086,1.000954760376985,1.0022986120766577
2460172.5655865837,0.9983140666447953,1.0022986120766577
2460172.565679408,0.9980910154355384,1.0022986120766577
2460172.5657721744,0.9981194623498764,1.0022986120766577
2460172.56586489,1.0013355869308203,1.0022986120766577
2460172.5659575704,1.0015123549737326,1.0022986120766577
2460172.566050331,0.996640097877092,1.0022986120766577
2460172.5661429767,1.0024016438970884,1.0022986120766577
2460172.5662358743,1.001094336324067,1.0022986120766577
2460172.566328583,0.9949630608853748,1.0022986120766577
2460172.5664214487,0.9991787775680525,1.0022986120766577
2460172.566514236,0.998794043501937,1.0022986120766577
2460172.5666070455,0.9992151423567666,1.0022986120766577
2460172.5666999086,0.994801161035431,1.0022986120766577
2460172.566792875,1.0026593786811502,1.0022986120766577
2460172.566885783,1.0000315813274412,1.0022986120766577
2460172.566978479,0.9982256555038411,1.0022986120766577
2460172.5670716674,0.9983566194171731,1.0022986120766577
2460172.567164043,1.005217894397215,1.0022986120766577
2460172.567256794,0.9970206807434489,1.0022986120766577
2460172.5673494553,0.9999870688493231,1.0022986120766577
2460172.567442471,0.9968211816534536,1.0022986120766577
2460172.567535246,0.9993950734261334,1.0022986120766577
2460172.567627853,1.000236739997961,1.0022986120766577
2460172.5677206595,1.0033123681822365,1.0022986120766577
2460172.5678134337,1.001502271435771,1.0022986120766577
2460172.567906086,0.9895122246140995,1.0022986120766577
2460172.567998956,0.9940321379243235,1.0022986120766577
2460172.568091737,1.001830093908878,1.0022986120766577
2460172.5681849625,0.9981599541563888,1.0022986120766577
2460172.5682778764,1.000216740623161,1.0022986120766577
2460172.5683706943,0.9995534339920225,1.0022986120766577
2460172.568463584,0.9956179278142288,1.0022986120766577
2460172.5685562207,1.000780291453751,1.0022986120766577
2460172.5686490717,1.000616929520407,1.0022986120766577
2460172.5687419907,0.9984514546515104,1.0022986120766577
2460172.5688347504,0.9966199431499243,1.0022986120766577
2460172.5689277058,0.9994245499817316,1.0022986120766577
2460172.5690206126,1.0036075254206411,1.0022986120766577
2460172.569113365,1.0004988900980032,1.0022986120766577
2460172.5692061787,0.996208727667112,1.0022986120766577
2460172.5692991707,0.999357218274563,1.0022986120766577
2460172.5693920474,0.9978950185985417,1.0022986120766577
2460172.5694850045,1.000129940042252,1.0022986120766577
2460172.5695779417,0.9976942669058185,1.0022986120766577
2460172.5696708644,0.9989670952329633,1.0022986120766577
2460172.5697639394,1.0004805614792154,1.0022986120766577
2460172.56985689,1.0002473279210684,1.0022986120766577
2460172.569949766,1.0000326136718178,1.0022986120766577
2460172.5700426055,1.0005570637892762,1.0022986120766577
2460172.5701355864,1.0005929879501063,1.0022986120766577
2460172.5702284276,0.9977875563907327,1.0022986120766577
2460172.57032121,0.9985318874712722,1.0022986120766577
2460172.570414149,0.9985241191644704,1.0022986120766577
2460172.5705069765,0.9999899698229326,1.0022986120766577
2460172.570599846,0.9995585253200615,1.0022986120766577
2460172.57069274,0.9938752824808121,1.0022986120766577
2460172.5707852715,1.0035511996060118,1.0022986120766577
2460172.5708781146,1.0009639731353683,1.0022986120766577
2460172.570970923,0.9975410649101335,1.0022986120766577
2460172.5710638133,0.9968499334165077,1.0022986120766577
2460172.571156696,1.004159249830998,1.0022986120766577
2460172.571249442,1.0042215010412114,1.0022986120766577
2460172.5713420254,1.0013560809587576,1.0022986120766577
2460172.5714347004,0.9964394529538828,1.0022986120766577
2460172.571527509,1.0028011165020803,1.0022986120766577
2460172.571620427,0.9992431252294419,1.0022986120766577
2460172.571713358,1.0018351805916348,1.0022986120766577
2460172.571806158,1.0029974659694885,1.0022986120766577
2460172.5718992283,1.001213320630145,1.0022986120766577
2460172.5719921105,1.00031238990053,1.0022986120766577
2460172.572084996,1.0010669045325653,1.0022986120766577
2460172.572178035,1.0012947828415055,1.0022986120766577
2460172.5722708753,0.9999978851424788,1.0022986120766577
2460172.572363558,0.9985156604715028,1.0022986120766577
2460172.5724564553,0.9997885517320553,1.0022986120766577
2460172.572549195,0.9982178243405232,1.0022986120766577
2460172.5726422123,0.9990107360969791,1.0022986120766577
2460172.5727350344,1.0015161275799582,1.0022986120766577
2460172.572827734,0.998817846880581,1.0022986120766577
2460172.5729207583,0.9965741981180232,1.0022986120766577
2460172.5730135413,0.9957904145146312,1.0022986120766577
2460172.5731065175,1.0012278822877194,1.0022986120766577
2460172.5731994943,0.9976244920473077,1.0022986120766577
2460172.5732920007,1.0007467720732965,1.0022986120766577
2460172.5733848093,0.9991362748390848,1.0022986120766577
2460172.5734776007,0.9984904958098245,1.0022986120766577
2460172.5735707157,1.000924218805519,1.0022986120766577
2460172.5736634624,0.9994850984749479,1.0022986120766577
2460172.573756244,1.0042196165598278,1.0022986120766577
2460172.573848949,0.9983097169774731,1.0022986120766577
2460172.5739420066,1.0022541061951085,1.0022986120766577
2460172.574034629,0.9985023574965943,1.0022986120766577
2460172.5741271535,0.999290004596624,1.0022986120766577
2460172.574219944,1.0008031379110398,1.0022986120766577
2460172.5743128886,0.9984831166822378,1.0022986120766577
2460172.5744058075,1.0020758553815001,1.0022986120766577
2460172.574498784,0.99496108764255,1.0022986120766577
2460172.5745915943,0.9966542128471154,1.0022986120766577
2460172.5746846385,1.001091467976933,1.0022986120766577
2460172.574777415,0.9964019870053693,1.0022986120766577
2460172.5748703172,0.998724568367813,1.0022986120766577
2460172.5749630337,0.9988250810745649,1.0022986120766577
2460172.575055956,1.0003983645155003,1.0022986120766577
2460172.57514879,1.0016393312645042,1.0022986120766577
2460172.575241579,0.9969426581657871,1.0022986120766577
2460172.5753342584,1.0019031110292649,1.0022986120766577
2460172.575427144,0.9995524407044342,1.0022986120766577
2460172.57551949,0.9986689053297398,1.0022986120766577
2460172.5756123583,1.0015242608134833,1.0022986120766577
2460172.575705117,0.9957380766058909,1.0022986120766577
2460172.57579799,0.9980596994567688,1.0022986120766577
2460172.5758905807,1.0001659021108023,1.0022986120766577
2460172.5759835,1.002952025209674,1.0022986120766577
2460172.5760762626,0.9985726366374946,1.0022986120766577
2460172.576169043,0.9999002395777605,1.0022986120766577
2460172.576261858,0.9989360080876313,1.0022986120766577
2460172.5763548766,1.0007609471554244,1.0022986120766577
2460172.576447536,0.9972375684410847,1.0022986120766577
2460172.5765403626,0.9993192045640406,1.0022986120766577
2460172.5766331484,0.999488411440018,1.0022986120766577
2460172.5767259435,0.9986221738104412,1.0022986120766577
2460172.576818586,0.9985371248578435,1.0022986120766577
2460172.576911252,0.9996840513125044,1.0022986120766577
2460172.577003906,0.9969300534738555,1.0022986120766577
2460172.5770967584,0.9972046876583465,1.0022986120766577
2460172.577189604,0.9999572617574528,1.0022986120766577
2460172.577282427,1.0007016489334015,1.0022986120766577
2460172.5773751233,1.0018660134906785,1.0022986120766577
2460172.5774678765,1.0023424221463209,1.0022986120766577
2460172.577560626,1.0003537118895411,1.0022986120766577
2460172.5776534188,1.0011522088503564,1.0022986120766577
2460172.5777461505,0.999779954243397,1.0022986120766577
2460172.5778391995,1.001148742502361,1.0022986120766577
2460172.577931922,0.9992250992393881,1.0022986120766577
2460172.578024927,1.0000334147804546,1.0022986120766577
2460172.578117762,0.9988924183390352,1.0022986120766577
2460172.5782105555,0.9988521230862865,1.0022986120766577
2460172.5783033185,0.9986009315521585,1.0022986120766577
2460172.578396007,0.9954886322141029,1.0022986120766577
2460172.578488711,0.9986834555232172,1.0022986120766577
2460172.578581449,1.0006180331541545,1.0022986120766577
2460172.5786744077,1.0001958535126059,1.0022986120766577
2460172.5787671795,0.9980393060920643,1.0022986120766577
2460172.5788599285,0.9968267178890567,1.0022986120766577
2460172.5789527106,0.9977902146806703,1.0022986120766577
2460172.5790454685,0.9976168816747337,1.0022986120766577
2460172.5791381095,0.9981060659944891,1.0022986120766577
2460172.5792307598,0.998457932063922,1.0022986120766577
2460172.579324957,1.0020461543010275,1.0022986120766577
2460172.5794177526,1.0020963832789516,1.0022986120766577
2460172.5795106385,1.0019594554428268,1.0022986120766577
2460172.5796034783,1.0016073890137724,1.0022986120766577
2460172.5796962874,0.9990204375211778,1.0022986120766577
2460172.579789122,0.9977248108181525,1.0022986120766577
2460172.579881948,0.9991343276396597,1.0022986120766577
2460172.579974663,1.0039783180258288,1.0022986120766577
2460172.580067173,0.999945674510995,1.0022986120766577
2460172.5801599487,0.9969631931231061,1.0022986120766577
2460172.5802526763,1.000117537023004,1.0022986120766577
2460172.5803455804,1.0001618547721196,1.0022986120766577
2460172.5804386707,0.9996471145369018,1.0022986120766577
2460172.580531416,0.9987329791657922,1.0022986120766577
2460172.5806241627,0.9965536918175507,1.0022986120766577
2460172.580717047,0.9988187419034762,1.0022986120766577
2460172.580810016,0.9984926119000361,1.0022986120766577
2460172.5809029555,0.9996968358058241,1.0022986120766577
2460172.580995872,0.999515063072743,1.0022986120766577
2460172.5810883553,0.997209310828758,1.0022986120766577
2460172.5811811555,0.9983640132984127,1.0022986120766577
2460172.581273919,0.9995592943230551,1.0022986120766577
2460172.5813669777,0.9998478404955091,1.0022986120766577
2460172.581459724,0.997677419690048,1.0022986120766577
2460172.5815525786,0.9978818622349009,1.0022986120766577
2460172.5816454254,1.0018293382306767,1.0022986120766577
2460172.5817385255,0.9983915048156816,1.0022986120766577
2460172.581831473,1.0000072604896622,1.0022986120766577
2460172.5819242243,1.003336804278643,1.0022986120766577
2460172.5820171256,0.9992118198020834,1.0022986120766577
2460172.5821100264,1.0008551367490497,1.0022986120766577
2460172.58220283,0.999378182764733,1.0022986120766577
2460172.5822956352,0.999631870113889,1.0022986120766577
2460172.582388576,0.996810252001884,1.0022986120766577
2460172.5824811403,0.9994688141106174,1.0022986120766577
2460172.5825740257,0.9976036325113458,1.0022986120766577
2460172.582666829,0.9999085470979409,1.0022986120766577
2460172.582759345,0.9968886993891872,1.0022986120766577
2460172.5828520395,1.000597448757524,1.0022986120766577
2460172.582944888,0.9992711782647238,1.0022986120766577
2460172.583037679,0.996823848524794,1.0022986120766577
2460172.583130598,0.9978655330950188,1.0022986120766577
2460172.583223421,0.9961329490847712,1.0022986120766577
2460172.583316188,0.9956980876254123,1.0022986120766577
2460172.58340908,0.9996996337094255,1.0022986120766577
2460172.58350196,1.000701153583447,1.0022986120766577
2460172.5835945974,1.0040367695590087,1.0022986120766577
2460172.583687437,0.9988139843453734,1.0022986120766577
2460172.5837801923,0.9956750757730333,1.0022986120766577
2460172.5838728272,0.9984112171556997,1.0022986120766577
2460172.583965602,1.000625506524236,1.0022986120766577
2460172.584058592,0.9974173674615326,1.0022986120766577
2460172.5841514547,0.9984479348110835,1.0022986120766577
2460172.5842441223,1.0053933027675352,1.0022986120766577
2460172.5843367605,1.0003855097719336,1.0022986120766577
2460172.5844296007,0.9979101839257176,1.0022986120766577
2460172.5845224243,1.0001536934151534,1.0022986120766577
2460172.5846152343,0.9991872418399035,1.0022986120766577
2460172.584707887,0.9999791813054609,1.0022986120766577
2460172.584800763,1.0022460517695966,1.0022986120766577
2460172.584893607,0.9997805104808809,1.0022986120766577
2460172.584986407,0.9960824964786865,1.0022986120766577
2460172.5850792467,0.9986562596990809,1.0022986120766577
2460172.5851721573,1.0016868222220652,1.0022986120766577
2460172.585264802,1.002313685726578,1.0022986120766577
2460172.5853577093,1.0011446607046042,1.0022986120766577
2460172.5854504844,1.0020196448713403,1.0022986120766577
2460172.5855435045,1.0016626398034523,1.0022986120766577
2460172.5856364355,1.0015934290204573,1.0022986120766577
2460172.5857292977,1.003353209362032,1.0022986120766577
2460172.585821997,1.0001787120858032,1.0022986120766577
2460172.585915012,1.002732339189139,1.0022986120766577
2460172.586007764,1.0001937473431541,1.0022986120766577
2460172.58610056,1.0016505490557412,1.0022986120766577
2460172.586193261,1.0004928758362739,1.0022986120766577
2460172.5862861034,1.0018994938141752,1.0022986120766577
2460172.586378937,1.0005269984432612,1.0022986120766577
2460172.586471678,1.0021334028668931,1.0022986120766577
2460172.586564433,1.0005571205733284,1.0022986120766577
2460172.5866571306,1.0006661567695272,1.0022986120766577
2460172.5867501497,0.9993368676073022,1.0022986120766577
2460172.586842853,1.0029203316153115,1.0022986120766577
2460172.5869356315,0.9972558508178719,1.0022986120766577
2460172.5870284727,1.0018070625981634,1.0022986120766577
2460172.587121405,1.004467783977374,1.0022986120766577
2460172.5872142483,0.9984140369027809,1.0022986120766577
2460172.5873071714,0.9989201316446691,1.0022986120766577
2460172.587399937,0.9997337679432605,1.0022986120766577
2460172.5874927514,1.0011520378932728,1.0022986120766577
2460172.5875855936,1.0011057486410568,1.0022986120766577
2460172.587678444,1.00112099381806,1.0022986120766577
2460172.5877712686,1.0000459374294401,1.0022986120766577
2460172.587864131,0.9985029151890564,1.0022986120766577
2460172.5879568965,1.0010702134150269,1.0022986120766577
2460172.5880496083,0.9997008105959622,1.0022986120766577
2460172.588142529,1.0018117804815183,1.0022986120766577
2460172.588235335,0.99845205005436,1.0022986120766577
2460172.588328154,0.9992552485294677,1.0022986120766577
2460172.588420896,1.000388720489083,1.0022986120766577
2460172.5885136924,0.9991235436782219,1.0022986120766577
2460172.5886064116,0.9998814082005739,1.0022986120766577
2460172.588698994,0.9997490688833365,1.0022986120766577
2460172.5887920465,1.0006677315904096,1.0022986120766577
2460172.588884828,1.001128431540926,1.0022986120766577
2460172.588977741,0.9993051388200616,1.0022986120766577
2460172.589070521,1.0010895037434857,1.0022986120766577
2460172.5891631986,0.998448936808853,1.0022986120766577
2460172.5892557614,1.0005928405795086,1.0022986120766577
2460172.589348783,1.001092137633213,1.0022986120766577
2460172.5894412426,0.9993017632997476,1.0022986120766577
2460172.589533928,1.0038963161128456,1.0022986120766577
2460172.5896268007,0.9997405043600911,1.0022986120766577
2460172.5897196424,1.001706687813154,1.0022986120766577
2460172.589812368,0.999926815533568,1.0022986120766577
2460172.589905396,1.0024113134574708,1.0022986120766577
2460172.58999823,1.0014547855751608,1.0022986120766577
2460172.5900909095,1.0000112938885288,1.0022986120766577
2460172.5901837675,1.0001853592815348,1.0022986120766577
2460172.5902763545,0.9985821817917752,1.0022986120766577
2460172.5903691542,0.998221382889316,1.0022986120766577
2460172.590462048,1.000941761971922,1.0022986120766577
2460172.590554984,1.000848746272128,1.0022986120766577
2460172.5906476825,1.0021457510797362,1.0022986120766577
2460172.590740755,0.9995614649546696,1.0022986120766577
2460172.590833363,0.9998848670696849,1.0022986120766577
2460172.590926092,0.999697026669271,1.0022986120766577
2460172.591019026,1.0035895032375006,1.0022986120766577
2460172.5911118006,0.9999813996680917,1.0022986120766577
2460172.591204486,0.9970015196179274,1.0022986120766577
2460172.5912974197,0.9989999534178468,1.0022986120766577
2460172.59139018,1.0007929070713613,1.0022986120766577
2460172.591482851,1.004420071828194,1.0022986120766577
2460172.591575632,0.9985282935321366,1.0022986120766577
2460172.591668439,0.9997263404583143,1.0022986120766577
2460172.591761221,0.996659781058553,1.0022986120766577
2460172.5918543465,1.0024404214951348,1.0022986120766577
2460172.591947166,1.0009074758489371,1.0022986120766577
2460172.5920400303,0.9993998652411105,1.0022986120766577
2460172.592132747,1.0053239258395477,1.0022986120766577
2460172.592225335,1.0032494398664176,1.0022986120766577
2460172.592318354,1.0033823122961993,1.0022986120766577
2460172.5924112797,1.0013385012387233,1.0022986120766577
2460172.5925040627,0.9990754912731643,1.0022986120766577
2460172.592597112,0.9981211364447197,1.0022986120766577
2460172.5926897167,0.9980631529887672,1.0022986120766577
2460172.5927827316,0.997780996147542,1.0022986120766577
2460172.592875536,0.9985971938282363,1.0022986120766577
2460172.592968327,1.0002482132728179,1.0022986120766577
2460172.593061177,1.0029251165636017,1.0022986120766577
2460172.5931539484,0.9998071856152407,1.0022986120766577
2460172.593246806,1.0004364440089697,1.0022986120766577
2460172.593339607,0.9994603458298795,1.0022986120766577
2460172.5934324046,0.9994126993412175,1.0022986120766577
2460172.5935256896,1.0011220924134343,1.0022986120766577
2460172.5936183245,1.001070877941404,1.0022986120766577
2460172.593710963,0.9981162554817584,1.0022986120766577
2460172.5938036903,1.0002083851588732,1.0022986120766577
2460172.593896477,0.9998950523669452,1.0022986120766577
2460172.593989217,1.0014512815770842,1.0022986120766577
2460172.5940819434,1.0012765788436129,1.0022986120766577
2460172.5941747488,1.0017430026909973,1.0022986120766577
2460172.5942675215,1.0008380228321325,1.0022986120766577
2460172.5943602817,1.0009116249796082,1.0022986120766577
2460172.5944529995,1.0009461744386634,1.0022986120766577
2460172.5945458217,0.9987135585085379,1.0022986120766577
2460172.5946387383,0.9993155925264597,1.0022986120766577
2460172.5947316447,1.005674465415069,1.0022986120766577
2460172.5948245446,1.0000219758752402,1.0022986120766577
2460172.594917316,1.0005351277447903,1.0022986120766577
2460172.5950101735,1.0021209978828398,1.0022986120766577
2460172.595103107,0.9982232890639656,1.0022986120766577
2460172.5951958625,1.0025252866473184,1.0022986120766577
2460172.595288781,1.000177942806307,1.0022986120766577
2460172.595381739,1.0003268082861687,1.0022986120766577
2460172.5954746236,0.9982365905156049,1.0022986120766577
2460172.59556752,1.0015772475514428,1.0022986120766577
2460172.5956604653,1.002273818322934,1.0022986120766577
2460172.595753207,1.0020135126712246,1.0022986120766577
2460172.5958461706,1.0000679156311507,1.0022986120766577
2460172.5959388423,0.9995288038501481,1.0022986120766577
2460172.5960313673,0.998233538204227,1.0022986120766577
2460172.596124255,1.002953450052349,1.0022986120766577
2460172.5962171517,1.000409024151075,1.0022986120766577
2460172.596310121,1.0023770586704648,1.0022986120766577
2460172.5964025925,0.999844569303737,1.0022986120766577
2460172.5964952866,0.9991034958506948,1.0022986120766577
2460172.596588175,1.0022515727276833,1.0022986120766577
2460172.596681008,0.999428199071917,1.0022986120766577
2460172.596774695,1.0008916724641417,1.0022986120766577
2460172.59686755,1.0024849737446637,1.0022986120766577
2460172.596960222,0.9994147574139108,1.0022986120766577
2460172.597053213,0.9987322197509885,1.0022986120766577
2460172.5971461935,1.0008187510334703,1.0022986120766577
2460172.597239146,1.0040421888608195,1.0022986120766577
2460172.597331813,1.000213773683631,1.0022986120766577
2460172.5974247507,0.9965386882487252,1.0022986120766577
2460172.597517624,0.9984089816264894,1.0022986120766577
2460172.597610473,0.9980839628064434,1.0022986120766577
2460172.5977033763,1.000913068295408,1.0022986120766577
2460172.59779658,0.9987206077980944,1.0022986120766577
2460172.5978894555,1.0016703226949975,1.0022986120766577
2460172.5979822604,1.0046998826131885,1.0022986120766577
2460172.59807506,1.0030100805294468,1.0022986120766577
2460172.598167829,0.9995990285102061,1.0022986120766577
2460172.5982605405,1.002482400562193,1.0022986120766577
2460172.5983534064,0.998063522021706,1.0022986120766577
2460172.5984463035,1.0002392788325771,1.0022986120766577
2460172.5985387377,0.9982251581265684,1.0022986120766577
2460172.598631661,0.9985636587538484,1.0022986120766577
2460172.5987244146,0.9990414661877828,1.0022986120766577
2460172.598817414,0.9987921717643234,1.0022986120766577
2460172.598910193,1.001152289669822,1.0022986120766577
2460172.5990031045,0.9993437250376226,1.0022986120766577
2460172.5990959527,0.9982357733206636,1.0022986120766577
2460172.59918883,0.9990728659022559,1.0022986120766577
2460172.599281662,0.9998619975025946,1.0022986120766577
2460172.5993744275,0.9990693930716203,1.0022986120766577
2460172.5994671606,1.0009092609468504,1.0022986120766577
2460172.599559991,0.99920340258918,1.0022986120766577
2460172.5996528445,1.0011750165411084,1.0022986120766577
2460172.5997456806,0.9989876271516379,1.0022986120766577
2460172.599838605,1.0011090774360953,1.0022986120766577
2460172.5999313225,1.000495214989146,1.0022986120766577
2460172.6000242974,0.9991501732122878,1.0022986120766577
2460172.6001171055,1.001868072244713,1.0022986120766577
2460172.600209714,1.000365759281125,1.0022986120766577
2460172.6003024904,1.0010821525726725,1.0022986120766577
2460172.600395346,1.0002380381448306,1.0022986120766577
2460172.600487965,1.0000011162213935,1.0022986120766577
2460172.6005804637,0.9971116655779152,1.0022986120766577
2460172.600673248,0.9977414264668304,1.0022986120766577
2460172.600765972,0.9987168071951462,1.0022986120766577
2460172.6008588015,1.001349063355666,1.0022986120766577
2460172.6009516446,0.9993662616538856,1.0022986120766577
2460172.6010444374,1.0008781629685468,1.0022986120766577
2460172.6011373014,1.0006707255245197,1.0022986120766577
2460172.6012301105,1.000435490977738,1.0022986120766577
2460172.601322948,0.9983812129154718,1.0022986120766577
2460172.601415847,0.9995133223373174,1.0022986120766577
2460172.601508639,0.9961819240526895,1.0022986120766577
2460172.6016015494,0.9986353886962531,1.0022986120766577
2460172.6016945476,1.0005974687040815,1.0022986120766577
2460172.6017872877,1.0029128187745793,1.0022986120766577
2460172.6018801415,0.9998824897522095,1.0022986120766577
2460172.601972996,1.0014554141657674,1.0022986120766577
2460172.6020658915,0.9993707800929665,1.0022986120766577
2460172.602158639,1.0004658098268433,1.0022986120766577
2460172.6022523595,0.9971708440118319,1.0022986120766577
2460172.602345001,1.0007812202664417,1.0022986120766577
2460172.60243796,0.9991592998844462,1.0022986120766577
2460172.6025306997,0.9994919039002907,1.0022986120766577
2460172.6026235633,1.000953157106897,1.0022986120766577
2460172.6027166224,0.9974367508054605,1.0022986120766577
2460172.6028095325,1.0023039333711274,1.0022986120766577
2460172.602902374,1.0003624626839434,1.0022986120766577
2460172.6029952643,1.0002346279757024,1.0022986120766577
2460172.6030881535,1.0016076720843632,1.0022986120766577
2460172.6031811447,1.001237981925958,1.0022986120766577
2460172.6032740576,0.9999956781275638,1.0022986120766577
2460172.6033667284,0.9989482809380216,1.0022986120766577
2460172.6034596767,0.9968955884235555,1.0022986120766577
2460172.6035525785,1.001931470880076,1.0022986120766577
2460172.603645404,1.000838855429471,1.0022986120766577
2460172.6037382223,1.0009514107753232,1.0022986120766577
2460172.603831043,1.0012556917350304,1.0022986120766577
2460172.603924,0.9984982071588515,1.0022986120766577
2460172.604016823,0.9984413245017832,1.0022986120766577
2460172.604109598,0.9951426773967631,1.0022986120766577
2460172.604202437,0.9998373471720681,1.0022986120766577
2460172.6042951434,1.000555626581872,1.0022986120766577
2460172.60438835,0.999756158911546,1.0022986120766577
2460172.6044813897,0.9998468348156119,1.0022986120766577
2460172.6045741746,1.0008180141312868,1.0022986120766577
2460172.6046671444,1.0019997785108323,1.0022986120766577
2460172.604759896,1.0017373442753255,1.0022986120766577
2460172.604852745,0.9994167100802009,1.0022986120766577
2460172.604945609,0.9998481502410392,1.0022986120766577
2460172.6050385186,0.9970538574178708,1.0022986120766577
2460172.6051313365,0.9999085679358419,1.0022986120766577
2460172.605224204,0.9982188089880113,1.0022986120766577
2460172.6053169854,1.0006294222570338,1.0022986120766577
2460172.605409794,0.9999141476188398,1.0022986120766577
2460172.605502568,1.0008512838301837,1.0022986120766577
2460172.6055954685,1.0015107116150617,1.0022986120766577
2460172.6056882036,0.999215486923163,1.0022986120766577
2460172.6057809726,1.004066614420635,1.0022986120766577
2460172.6058738087,1.0016088503174947,1.0022986120766577
2460172.6059667068,1.0017975818539975,1.0022986120766577
2460172.6060596392,0.9988384793923855,1.0022986120766577
2460172.6061523855,1.002625666125424,1.0022986120766577
2460172.606245395,1.0028137218122368,1.0022986120766577
2460172.6063382495,1.0012164424480676,1.0022986120766577
2460172.6064312058,1.000292760254459,1.0022986120766577
2460172.606523853,0.9997064882228047,1.0022986120766577
2460172.606616552,0.9981201971985729,1.0022986120766577
2460172.6067100465,1.0013420877678216,1.0022986120766577
2460172.6068029627,0.998183197508631,1.0022986120766577
2460172.6068958845,0.9984924628500497,1.0022986120766577
2460172.606988892,1.0016506262071445,1.0022986120766577
2460172.607081744,1.0021146767302218,1.0022986120766577
2460172.6071746117,1.0040375028861819,1.0022986120766577
2460172.6072674515,1.0030980363423727,1.0022986120766577
2460172.6073602005,1.0001324825195876,1.0022986120766577
2460172.6074529327,1.0018490735144447,1.0022986120766577
2460172.6075454433,1.0016237684316858,1.0022986120766577
2460172.6076384014,0.9998196345374313,1.0022986120766577
2460172.607731394,1.0025176115391474,1.0022986120766577
2460172.6078244285,1.0037430128180775,1.0022986120766577
2460172.607917159,0.9995102812159359,1.0022986120766577
2460172.608010132,1.005109513118762,1.0022986120766577
2460172.6081029857,0.9998238172027112,1.0022986120766577
2460172.6081957715,1.0012310652328273,1.0022986120766577
2460172.608288782,0.9973641356805255,1.0022986120766577
2460172.6083816704,0.998045952949739,1.0022986120766577
2460172.6084743277,0.9979248449960503,1.0022986120766577
2460172.608567154,0.9999069659871821,1.0022986120766577
2460172.608659948,1.000467908488987,1.0022986120766577
2460172.6087527648,1.0024016209147246,1.0022986120766577
2460172.608845679,0.9998708193119183,1.0022986120766577
2460172.608938764,1.0003233320294096,1.0022986120766577
2460172.609031502,0.9984241940784592,1.0022986120766577
2460172.609124339,1.0010280763915147,1.0022986120766577
2460172.6092172847,0.9994392918383896,1.0022986120766577
2460172.6093101953,0.9977970548976531,1.0022986120766577
2460172.609403089,0.9989463026188231,1.0022986120766577
2460172.609496242,1.0005722346975954,1.0022986120766577
2460172.6095890985,0.9991428009505905,1.0022986120766577
2460172.609681886,0.9986727476432432,1.0022986120766577
2460172.609774891,0.9967953117340449,1.0022986120766577
2460172.6098671793,1.0000028350061911,1.0022986120766577
2460172.609959764,0.9994410617500566,1.0022986120766577
2460172.6100525614,1.001050767595009,1.0022986120766577
2460172.610145472,1.0025278676083509,1.0022986120766577
2460172.6102383537,0.9984720718343945,1.0022986120766577
2460172.610330916,0.9974764542592397,1.0022986120766577
2460172.610423881,0.99992731976598,1.0022986120766577
2460172.610516984,1.000323564257396,1.0022986120766577
2460172.610609819,0.9984106068207581,1.0022986120766577
2460172.610702751,1.0000881409472144,1.0022986120766577
2460172.6107960325,0.9974764784456049,1.0022986120766577
2460172.610888703,0.998841146155178,1.0022986120766577
2460172.6109816874,0.9982501036005524,1.0022986120766577
2460172.6110747484,1.0006215185613923,1.0022986120766577
2460172.611167468,1.003270611162171,1.0022986120766577
2460172.611260375,1.002059893441449,1.0022986120766577
2460172.611353338,1.0021968309999596,1.0022986120766577
2460172.6114460505,1.0000851562762625,1.0022986120766577
2460172.611538917,1.00013742264201,1.0022986120766577
2460172.611631901,0.9996770743698842,1.0022986120766577
2460172.6117245713,0.9997334749675538,1.0022986120766577
2460172.611817579,1.0014042651904982,1.0022986120766577
2460172.6119103786,0.9984777341165655,1.0022986120766577
2460172.61200314,0.9996875402072366,1.0022986120766577
2460172.612095921,1.0016134191489616,1.0022986120766577
2460172.6121886247,1.0003179216132454,1.0022986120766577
2460172.6122816526,1.0004964891876365,1.0022986120766577
2460172.612374661,0.9975617844575108,1.0022986120766577
2460172.612467597,0.9981348042724848,1.0022986120766577
2460172.6125606555,0.9973691901243158,1.0022986120766577
2460172.6126536354,0.9987401527864473,1.0022986120766577
2460172.612746487,0.9961209841773346,1.0022986120766577
2460172.612839335,0.997975682585816,1.0022986120766577
2460172.6129321307,0.9972886120493574,1.0022986120766577
2460172.613024856,0.9983407711789485,1.0022986120766577
2460172.6131177414,0.9965668554927254,1.0022986120766577
2460172.613210337,1.0007549201076917,1.0022986120766577
2460172.6133031524,0.995960310940753,1.0022986120766577
2460172.613396131,0.9987247846866377,1.0022986120766577
2460172.613488865,0.9991738903043977,1.0022986120766577
2460172.6135818195,0.9992377129762039,1.0022986120766577
2460172.6136746765,0.9985522169662896,1.0022986120766577
2460172.613767489,1.002708369874544,1.0022986120766577
2460172.613860625,0.9992707329116145,1.0022986120766577
2460172.6139533967,0.9955727509899573,1.0022986120766577
2460172.6140462,0.9977621129906898,1.0022986120766577
2460172.614138884,0.9940965625108341,1.0022986120766577
2460172.6142318416,0.9974524275041181,1.0022986120766577
2460172.6143248277,0.9956119397220776,1.0022986120766577
2460172.614417678,0.9988555112989562,1.0022986120766577
2460172.6145100654,1.0013964203811645,1.0022986120766577
2460172.6146028927,1.0011100696173585,1.0022986120766577
2460172.614695792,0.9967566850458492,1.0022986120766577
2460172.6147887358,0.9974569621339854,1.0022986120766577
2460172.6148814885,0.9984159458100086,1.0022986120766577
2460172.614974414,0.9950047959882243,1.0022986120766577
2460172.6150673553,0.9952564413820572,1.0022986120766577
2460172.615160328,0.9967615048509992,1.0022986120766577
2460172.61525321,0.9980381341593786,1.0022986120766577
2460172.615346041,0.9984028158079776,1.0022986120766577
2460172.61543905,0.9963880300603889,1.0022986120766577
2460172.615532029,0.9952375101587293,1.0022986120766577
2460172.615624866,0.9968888922522111,1.0022986120766577
2460172.6157177337,0.9982262023512763,1.0022986120766577
2460172.615810545,0.9945982224329988,1.0022986120766577
2460172.6159033943,0.9963376219314918,1.0022986120766577
2460172.615996084,0.9949791654723681,1.0022986120766577
2460172.6160886274,0.9968680306521462,1.0022986120766577
2460172.616181323,0.995320842285397,1.0022986120766577
2460172.6162744467,0.9961123554933857,1.0022986120766577
2460172.616367289,0.9963157362753551,1.0022986120766577
2460172.616460397,0.9978941372115109,1.0022986120766577
2460172.6165532563,0.9940153634856485,1.0022986120766577
2460172.6166459704,0.9971433894665954,1.0022986120766577
2460172.6167388028,0.9944767556061204,1.0022986120766577
2460172.616831856,0.9928168868972177,1.0022986120766577
2460172.616924811,0.9939643290565519,1.0022986120766577
2460172.6170177585,0.9948896749293843,1.0022986120766577
2460172.6171104736,0.9962817121387946,1.0022986120766577
2460172.6172033516,0.9939051064396309,1.0022986120766577
2460172.617296089,0.9970081703951379,1.0022986120766577
2460172.6173888417,0.9963930935645512,1.0022986120766577
2460172.6174814375,0.9961857765071841,1.0022986120766577
2460172.61757446,0.9953378221690417,1.0022986120766577
2460172.61766717,0.9989767672071816,1.0022986120766577
2460172.617759923,0.9959278335525129,1.0022986120766577
2460172.617852782,0.992978371855582,1.0022986120766577
2460172.617945531,0.9960177703400668,1.0022986120766577
2460172.6180384406,0.9917495055106956,1.0022986120766577
2460172.6181312264,0.9923999373025106,1.0022986120766577
2460172.618224278,0.9962725084929887,1.0022986120766577
2460172.618317111,0.9974488881917875,1.0022986120766577
2460172.6184099736,0.9957569316650097,1.0022986120766577
2460172.618503106,0.9990740007297441,1.0022986120766577
2460172.61859605,0.9947158283772136,1.0022986120766577
2460172.618688965,0.9924216668291511,1.0022986120766577
2460172.6187820025,0.9941438584922007,1.0022986120766577
2460172.618874814,0.9936343905304034,1.0022986120766577
2460172.6189676803,0.9932060640938952,1.0022986120766577
2460172.619060499,0.9935031583775006,1.0022986120766577
2460172.6191531704,0.993115723915815,1.0022986120766577
2460172.619246764,0.9966742673735948,1.0022986120766577
2460172.6193395355,0.9945675356205064,1.0022986120766577
2460172.6194323767,0.9976823418922145,1.0022986120766577
2460172.6195250913,0.9947604186870966,1.0022986120766577
2460172.6196180303,0.9919984034806524,1.0022986120766577
2460172.6197110275,0.9932597491766455,1.0022986120766577
2460172.619803821,0.9971256921247917,1.0022986120766577
2460172.6198967258,0.9981413304324084,1.0022986120766577
2460172.6199895805,0.9966091508254854,1.0022986120766577
2460172.6200823803,0.9952664063085369,1.0022986120766577
2460172.6201752354,0.9983414338518463,1.0022986120766577
2460172.620268143,0.9908061841069271,1.0022986120766577
2460172.620454073,0.9941149570454878,1.0022986120766577
2460172.6205468806,0.9914346216483092,1.0022986120766577
2460172.620639724,0.9918236533582084,1.0022986120766577
2460172.620732579,0.9939268174495783,1.0022986120766577
2460172.620825348,0.9954020490183467,1.0022986120766577
2460172.6209182553,0.9937466952830505,1.0022986120766577
2460172.621011395,0.9958878698317023,1.0022986120766577
2460172.621104197,0.9930666382461653,1.0022986120766577
2460172.6211973187,0.99348600750734,1.0022986120766577
2460172.6212899764,0.993421704186732,1.0022986120766577
2460172.621382749,0.9915312800173152,1.0022986120766577
2460172.6214754586,0.9898058895391529,1.0022986120766577
2460172.6215680926,0.9926431486988706,1.0022986120766577
2460172.62166083,0.9910744224027551,1.0022986120766577
2460172.621753721,0.9971362000469747,1.0022986120766577
2460172.6218465916,0.9937091002456913,1.0022986120766577
2460172.621939735,0.9936267123910916,1.0022986120766577
2460172.6220326643,0.9871603525100417,1.0022986120766577
2460172.622126696,0.9898914293362402,1.0022986120766577
2460172.6222199015,0.9936825200187293,1.0022986120766577
2460172.6223126682,0.9909817108818295,1.0022986120766577
2460172.622405402,0.9940650881661375,1.0022986120766577
2460172.622498158,0.9888875309297885,1.0022986120766577
2460172.6225910997,0.9927140095230851,1.0022986120766577
2460172.622683966,0.991174834190412,1.0022986120766577
2460172.6227766774,0.9927838341690636,1.0022986120766577
2460172.6228695693,0.9941613990676182,1.0022986120766577
2460172.622962446,0.9947078773340517,1.0022986120766577
2460172.623055387,0.9895014245872273,1.0022986120766577
2460172.6231486443,0.9816021606981129,1.0022986120766577
2460172.623241495,0.9914427827382263,1.0022986120766577
2460172.623334147,0.9921676954432409,1.0022986120766577
2460172.623427101,0.9934346130526827,1.0022986120766577
2460172.623520034,0.9875778494492454,1.0022986120766577
2460172.6236128006,0.9939925942369005,1.0022986120766577
2460172.623705616,0.9941766716484427,1.0022986120766577
2460172.623798527,0.9946057184865755,1.0022986120766577
2460172.6238913615,0.9940254758842985,1.0022986120766577
2460172.6239842703,0.9940353714662536,1.0022986120766577
2460172.624077173,0.9949310957457717,1.0022986120766577
2460172.6241701804,0.9942195053838037,1.0022986120766577
2460172.624262577,0.9940063560920835,1.0022986120766577
2460172.6243554484,0.9945327971192686,1.0022986120766577
2460172.6244482985,0.9914579548815651,1.0022986120766577
2460172.6245414,0.9917327344449974,1.0022986120766577
2460172.6246342254,0.9947591761844555,1.0022986120766577
2460172.6247270177,0.9893635670435086,1.0022986120766577
2460172.6249130093,0.991173215156471,1.0022986120766577
2460172.625005976,0.9916170626622631,1.0022986120766577
2460172.6250987337,0.992083298927706,1.0022986120766577
2460172.62519149,0.9908136223377336,1.0022986120766577
2460172.625284549,0.9935175582698861,1.0022986120766577
2460172.6253771596,0.987645941788902,1.0022986120766577
2460172.625470428,0.989579388030169,1.0022986120766577
2460172.625563125,0.9921975985980934,1.0022986120766577
2460172.6256559566,0.9954465322606356,1.0022986120766577
2460172.625748761,0.9937529338888945,1.0022986120766577
2460172.6258416497,0.9926711321305933,1.0022986120766577
2460172.625934395,0.9903677228124214,1.0022986120766577
2460172.6260271245,0.9867148201561164,1.0022986120766577
2460172.6261199242,0.9930022014055225,1.0022986120766577
2460172.6262126924,0.9919267226103538,1.0022986120766577
2460172.6263053664,0.9895346592639792,1.0022986120766577
2460172.626398246,0.9934342141813125,1.0022986120766577
2460172.626491187,0.9926405879110924,1.0022986120766577
2460172.6265841704,0.9916696622028419,1.0022986120766577
2460172.626677002,0.9936078990318089,1.0022986120766577
2460172.6267699082,0.9925865921969345,1.0022986120766577
2460172.626862688,0.990699368618045,1.0022986120766577
2460172.6269556247,0.9897527644024988,1.0022986120766577
2460172.6270484775,0.9912611891003092,1.0022986120766577
2460172.6271415004,0.9893418495164443,1.0022986120766577
2460172.627234119,0.9865769773337886,1.0022986120766577
2460172.6273270915,0.9925767887468906,1.0022986120766577
2460172.627419891,0.9862644032341478,1.0022986120766577
2460172.627512747,0.9880999531022759,1.0022986120766577
2460172.627605747,0.9858615042281106,1.0022986120766577
2460172.62769855,0.9885232851514908,1.0022986120766577
2460172.6277913824,0.9906443531719226,1.0022986120766577
2460172.627884428,0.9870331994727058,1.0022986120766577
2460172.6279773545,0.9909766890346977,1.0022986120766577
2460172.6280701496,0.9905697010981892,1.0022986120766577
2460172.62816287,0.9889204172877456,1.0022986120766577
2460172.6282558567,0.9901778878350965,1.0022986120766577
2460172.628348879,0.9925026266066899,1.0022986120766577
2460172.62844197,0.9908943384772699,1.0022986120766577
2460172.628534945,0.9937466252704681,1.0022986120766577
2460172.6286279047,0.9886977743393347,1.0022986120766577
2460172.628720798,0.9891714821401689,1.0022986120766577
2460172.6288137254,0.9912553822140642,1.0022986120766577
2460172.6289065527,0.988127176612056,1.0022986120766577
2460172.628999417,0.9867213139606128,1.0022986120766577
2460172.6290924517,0.9873696619743549,1.0022986120766577
2460172.629185334,0.988744402876274,1.0022986120766577
2460172.6292782933,0.9921742391991739,1.0022986120766577
2460172.6293711183,0.9907534814771393,1.0022986120766577
2460172.629464116,0.9878487363676209,1.0022986120766577
2460172.629556903,0.988488983220947,1.0022986120766577
2460172.6296497043,0.9873273016840893,1.0022986120766577
2460172.6297424687,0.9868879874943982,1.0022986120766577
2460172.6298355334,0.9887566665911466,1.0022986120766577
2460172.629928349,0.9914837410078344,1.0022986120766577
2460172.6300212853,0.9877093231629982,1.0022986120766577
2460172.630114431,0.9891360884242774,1.0022986120766577
2460172.6302071316,0.9862151722628815,1.0022986120766577
2460172.6303000697,0.9858828289712533,1.0022986120766577
2460172.6303928704,0.9898871021429376,1.0022986120766577
2460172.6304856823,0.987294407683033,1.0022986120766577
2460172.6305787577,0.9871009303479072,1.0022986120766577
2460172.6306714485,0.9882168519697863,1.0022986120766577
2460172.630764627,0.9883821432293515,1.0022986120766577
2460172.630857475,0.9882755246288861,1.0022986120766577
2460172.6309502777,0.9852610477703967,1.0022986120766577
2460172.6310430695,0.9880519797163875,1.0022986120766577
2460172.6311359867,0.9933771055254275,1.0022986120766577
2460172.63122893,0.987285751654597,1.0022986120766577
2460172.63132158,0.9882569230581628,1.0022986120766577
2460172.6314145704,0.9892643237143905,1.0022986120766577
2460172.6315074926,0.988666294583114,1.0022986120766577
2460172.6316004596,0.9889595747837642,1.0022986120766577
2460172.6316936333,0.9878837429726346,1.0022986120766577
2460172.6317864866,0.9880532378061875,1.0022986120766577
2460172.6318793762,0.9881709252629554,1.0022986120766577
2460172.6319722882,0.9895937706838129,1.0022986120766577
2460172.6320650084,0.983426746274521,1.0022986120766577
2460172.6321578417,0.991519898433836,1.0022986120766577
2460172.632250693,0.985587188454231,1.0022986120766577
2460172.632343549,0.987008245683211,1.0022986120766577
2460172.632436454,0.9866685081337698,1.0022986120766577
2460172.6325292573,0.9871261509242523,1.0022986120766577
2460172.6326223193,1.012770829046846,1.0022986120766577
2460172.6327153565,0.9866073664531968,1.0022986120766577
2460172.6328080306,0.9883939581071122,1.0022986120766577
2460172.6329007326,0.9903542475157113,1.0022986120766577
2460172.6329934667,0.9849370298358638,1.0022986120766577
2460172.633087283,0.9880770491419921,1.0022986120766577
2460172.6331802327,0.9860966294599163,1.0022986120766577
2460172.63327302,0.9861177356260629,1.0022986120766577
2460172.6333658746,0.9896445273404932,1.0022986120766577
2460172.6334588565,0.9873905985317352,1.0022986120766577
2460172.6335518174,0.9879668198784652,1.0022986120766577
2460172.633644561,0.9853612403859772,1.0022986120766577
2460172.633737331,0.9898538143950294,1.0022986120766577
2460172.633830264,0.984944121136563,1.0022986120766577
2460172.6339230365,0.9891503731964273,1.0022986120766577
2460172.6340159103,0.9867059149323347,1.0022986120766577
2460172.6341089844,0.9870088629513606,1.0022986120766577
2460172.634201962,0.9899322018481747,1.0022986120766577
2460172.634294681,0.9907512620630285,1.0022986120766577
2460172.634387802,0.9891428174374975,1.0022986120766577
2460172.6344805583,0.9885270878231844,1.0022986120766577
2460172.634573436,0.9846408537829925,1.0022986120766577
2460172.6346662035,0.9879181372593021,1.0022986120766577
2460172.634759107,0.9866318941272666,1.0022986120766577
2460172.6348514776,0.9885625941770876,1.0022986120766577
2460172.6349442997,0.9894319149713113,1.0022986120766577
2460172.635037306,0.9873236469345156,1.0022986120766577
2460172.6351301605,0.9879034691741079,1.0022986120766577
2460172.6352231354,0.9896173486645008,1.0022986120766577
2460172.635315871,0.9875857882992101,1.0022986120766577
2460172.635408966,0.9887726345790352,1.0022986120766577
2460172.6355019207,0.989582992444325,1.0022986120766577
2460172.6355949086,0.9882379967238836,1.0022986120766577
2460172.635687862,0.9891311780761352,1.0022986120766577
2460172.6357807755,0.9921932422511346,1.0022986120766577
2460172.635873821,0.988867184484693,1.0022986120766577
2460172.635966814,0.9886460941258601,1.0022986120766577
2460172.6360598537,0.9889920093423078,1.0022986120766577
2460172.636152739,0.9837618760841684,1.0022986120766577
2460172.6362454714,0.9907089161503949,1.0022986120766577
2460172.6363384402,0.9885961887146395,1.0022986120766577
2460172.6364313285,0.9880453678807368,1.0022986120766577
2460172.636525066,0.9871761054411862,1.0022986120766577
2460172.636618015,0.9867728669086562,1.0022986120766577
2460172.6367109856,0.9893364934740996,1.0022986120766577
2460172.6368039567,0.9876248255222184,1.0022986120766577
2460172.636896981,0.991272213607831,1.0022986120766577
2460172.6369897826,0.9859985878002563,1.0022986120766577
2460172.6370826825,0.9863296611445863,1.0022986120766577
2460172.6371756895,0.9838724759666987,1.0022986120766577
2460172.6372685116,0.9870433426327355,1.0022986120766577
2460172.6373614077,0.990437042636142,1.0022986120766577
2460172.6374542806,0.9878581697305797,1.0022986120766577
2460172.6375469053,0.984752432208928,1.0022986120766577
2460172.6376393186,0.9878424528499026,1.0022986120766577
2460172.6377326804,0.9860156002168363,1.0022986120766577
2460172.6378257363,0.989354925705805,1.0022986120766577
2460172.637919019,0.986830332134101,1.0022986120766577
2460172.6380117796,0.9877329202995951,1.0022986120766577
2460172.6381045696,0.9894008360152753,1.0022986120766577
2460172.638197532,0.987963852624771,1.0022986120766577
2460172.6382903312,0.9881793944429712,1.0022986120766577
2460172.6383832097,0.9868163952914903,1.0022986120766577
2460172.638476193,0.9890573638369735,1.0022986120766577
2460172.638569201,0.9898576228247467,1.0022986120766577
2460172.6386621436,0.9884915978397045,1.0022986120766577
2460172.6387550584,0.990511286195696,1.0022986120766577
2460172.638847957,0.9897661608889854,1.0022986120766577
2460172.638940857,0.990794952501353,1.0022986120766577
2460172.6390334894,0.9901780653486365,1.0022986120766577
2460172.639126428,0.9889404535339108,1.0022986120766577
2460172.639219352,0.9874792139583974,1.0022986120766577
2460172.639312045,0.988067344958239,1.0022986120766577
2460172.639405042,0.9894141760746007,1.0022986120766577
2460172.6394980275,0.984195967878539,1.0022986120766577
2460172.639590821,0.9857867182360796,1.0022986120766577
2460172.639683795,0.9886293795760179,1.0022986120766577
2460172.6397764822,0.9889267338836076,1.0022986120766577
2460172.6398693454,0.9898957272397161,1.0022986120766577
2460172.639961943,0.990989110377807,1.0022986120766577
2460172.640054881,0.9862283077311795,1.0022986120766577
2460172.6401478327,0.9894739273192671,1.0022986120766577
2460172.640240474,0.9876410172927707,1.0022986120766577
2460172.640333371,0.9870358330935185,1.0022986120766577
2460172.6404263354,0.9874236678355404,1.0022986120766577
2460172.640519114,0.9874311838968853,1.0022986120766577
2460172.640612119,0.9882304242129786,1.0022986120766577
2460172.6407051915,0.9882448282518234,1.0022986120766577
2460172.6407979834,0.9868986105671597,1.0022986120766577
2460172.640891009,0.9897341404614132,1.0022986120766577
2460172.640983806,0.9872922520006562,1.0022986120766577
2460172.6410766556,0.987697633879113,1.0022986120766577
2460172.6411696803,0.9865589156249479,1.0022986120766577
2460172.6412626896,0.9891785696786709,1.0022986120766577
2460172.641355407,0.9894049001931834,1.0022986120766577
2460172.641448295,0.989316588083817,1.0022986120766577
2460172.641541217,0.9840586562151923,1.0022986120766577
2460172.6416340056,0.9888703590281156,1.0022986120766577
2460172.641726891,0.9875227777305553,1.0022986120766577
2460172.6418194976,0.9924311595381129,1.0022986120766577
2460172.6419122787,0.9870103694827993,1.0022986120766577
2460172.64200523,0.9891504334111324,1.0022986120766577
2460172.64209809,0.988564875808548,1.0022986120766577
2460172.642191097,0.9851807503439683,1.0022986120766577
2460172.6422839398,0.9878894196393601,1.0022986120766577
2460172.6423768196,0.990254878220945,1.0022986120766577
2460172.6424697433,0.9859313886956209,1.0022986120766577
2460172.642562656,0.9934105877142907,1.0022986120766577
2460172.6426556055,0.987643582758994,1.0022986120766577
2460172.642748573,0.9906684056288538,1.0022986120766577
2460172.6428414644,0.9889753142790747,1.0022986120766577
2460172.642934435,0.9893058958579944,1.0022986120766577
2460172.6430271803,0.9902373075049773,1.0022986120766577
2460172.643119955,0.9878354263498799,1.0022986120766577
2460172.6432129373,0.9844398493628215,1.0022986120766577
2460172.6433058344,0.9915829798995694,1.0022986120766577
2460172.643398629,0.9862395536746674,1.0022986120766577
2460172.6434915927,0.9841649835339972,1.0022986120766577
2460172.643584575,0.9877461105663656,1.0022986120766577
2460172.6436776225,0.9864742429416644,1.0022986120766577
2460172.643770542,0.9846060117923916,1.0022986120766577
2460172.643863511,0.9902865379117884,1.0022986120766577
2460172.643956441,0.9886940180836585,1.0022986120766577
2460172.644049298,0.9849248597236908,1.0022986120766577
2460172.644142226,0.9868963586729143,1.0022986120766577
2460172.6442350727,0.9872886463045867,1.0022986120766577
2460172.6443277714,0.989473601028294,1.0022986120766577
2460172.6444207174,0.9903701264875521,1.0022986120766577
2460172.6445138445,0.986140637025082,1.0022986120766577
2460172.644606864,0.9891545866309797,1.0022986120766577
2460172.644699767,0.9894439105962901,1.0022986120766577
2460172.644792742,0.9906966238796115,1.0022986120766577
2460172.6448855624,0.9875277235392991,1.0022986120766577
2460172.6449785805,0.9886744352389139,1.0022986120766577
2460172.645071324,0.9838179088379027,1.0022986120766577
2460172.6451643193,0.985440450646369,1.0022986120766577
2460172.645257146,0.9867163648636205,1.0022986120766577
2460172.6453500623,0.9901799735059854,1.0022986120766577
2460172.6454438684,0.9878493184891015,1.0022986120766577
2460172.645536788,0.9898492972794579,1.0022986120766577
2460172.645629757,0.9902858302545791,1.0022986120766577
2460172.645722571,0.9890037171500844,1.0022986120766577
2460172.645815558,0.989185791154538,1.0022986120766577
2460172.6459082584,0.986668906997211,1.0022986120766577
2460172.64600123,0.984192347772417,1.0022986120766577
2460172.646093947,0.9858775199466474,1.0022986120766577
2460172.6461868105,0.9905043054767915,1.0022986120766577
2460172.6462796987,0.9890261753331883,1.0022986120766577
2460172.6463725595,0.9892126762929365,1.0022986120766577
2460172.646465804,0.9897065612408344,1.0022986120766577
2460172.6465586084,0.9794707573266781,1.0022986120766577
2460172.6466513188,0.9884840215404035,1.0022986120766577
2460172.646744428,0.9852151023689015,1.0022986120766577
2460172.6468373723,0.9862280024240196,1.0022986120766577
2460172.646930305,0.9883046497024184,1.0022986120766577
2460172.6470231316,0.9852177682669856,1.0022986120766577
2460172.6471160334,0.9866334577222886,1.0022986120766577
2460172.647209098,0.9892434286686252,1.0022986120766577
2460172.647302152,0.9896916229395923,1.0022986120766577
2460172.6473950413,0.9888453922178719,1.0022986120766577
2460172.647487896,0.9885995594803909,1.0022986120766577
2460172.647580805,0.9905123699436817,1.0022986120766577
2460172.647766742,0.9884986287803444,1.0022986120766577
2460172.647859738,0.9843371858101478,1.0022986120766577
2460172.6479525515,0.9863383228686833,1.0022986120766577
2460172.6480455003,0.9885573795377158,1.0022986120766577
2460172.6481383312,0.9859245308918418,1.0022986120766577
2460172.6482311278,0.989867725677734,1.0022986120766577
2460172.6483239536,0.9866368088313922,1.0022986120766577
2460172.6484171273,0.9888528102338698,1.0022986120766577
2460172.648509998,0.9863625414207505,1.0022986120766577
2460172.6486027697,0.9870320496965218,1.0022986120766577
2460172.648695519,0.9866812011101137,1.0022986120766577
2460172.648788435,0.9886447505769935,1.0022986120766577
2460172.648881153,0.9860847389747651,1.0022986120766577
2460172.648973864,0.986977671400307,1.0022986120766577
2460172.649066637,0.9908441114949108,1.0022986120766577
2460172.6491594147,0.9886170416879805,1.0022986120766577
2460172.649252146,0.9907379774985048,1.0022986120766577
2460172.649345114,0.9859632695782862,1.0022986120766577
2460172.6494379,0.9865330978977412,1.0022986120766577
2460172.6495308694,0.9896760829791006,1.0022986120766577
2460172.649623766,0.9856844649813831,1.0022986120766577
2460172.6497167135,0.9881228106776846,1.0022986120766577
2460172.6498095617,0.9913755939877992,1.0022986120766577
2460172.6499023912,0.9873378663071055,1.0022986120766577
2460172.6499954574,0.9910857265963396,1.0022986120766577
2460172.6500884397,0.9891934970007422,1.0022986120766577
2460172.650181348,0.9839757112048874,1.0022986120766577
2460172.6502740644,0.9930829795215648,1.0022986120766577
2460172.6503670556,0.9878515506632525,1.0022986120766577
2460172.65046013,0.9831217890068866,1.0022986120766577
2460172.6505532055,0.9884775350073411,1.0022986120766577
2460172.6506460435,0.9875644208427313,1.0022986120766577
2460172.650739049,0.988605077007116,1.0022986120766577
2460172.650831749,0.9876765585645295,1.0022986120766577
2460172.650924606,0.9895484514659216,1.0022986120766577
2460172.651017682,0.9834756305556761,1.0022986120766577
2460172.6511105094,0.9881016550114229,1.0022986120766577
2460172.651203547,0.9865503548004486,1.0022986120766577
2460172.651296421,0.9903700785503404,1.0022986120766577
2460172.651389479,0.9902368991925959,1.0022986120766577
2460172.65148231,0.9913815183060036,1.0022986120766577
2460172.651575409,0.9887514288635056,1.0022986120766577
2460172.651668267,0.9888904503259852,1.0022986120766577
2460172.6517610853,0.9897981269423936,1.0022986120766577
2460172.6518538366,0.9859385241488148,1.0022986120766577
2460172.651946598,0.9868573821858075,1.0022986120766577
2460172.652039432,0.9904438157238452,1.0022986120766577
2460172.6521324143,0.9890768608436249,1.0022986120766577
2460172.6522250953,0.9886601680835961,1.0022986120766577
2460172.6523179044,0.9849968067262098,1.0022986120766577
2460172.652410872,0.9878603668956384,1.0022986120766577
2460172.6525036944,0.9880976788778013,1.0022986120766577
2460172.6525966595,0.9910178628034889,1.0022986120766577
2460172.65268925,0.9853270404305248,1.0022986120766577
2460172.652782245,0.9866184737209623,1.0022986120766577
2460172.652875459,0.987574274878744,1.0022986120766577
2460172.652968217,0.9856807746464746,1.0022986120766577
2460172.653061092,0.9841517390627866,1.0022986120766577
2460172.6531540323,0.9866116711921299,1.0022986120766577
2460172.6532469597,0.9873132491455319,1.0022986120766577
2460172.65334,0.9860307731926748,1.0022986120766577
2460172.6534331623,0.9873938753142563,1.0022986120766577
2460172.6535259574,0.9891035859510948,1.0022986120766577
2460172.6536189187,0.9924363904058935,1.0022986120766577
2460172.6537117776,0.9877152963172049,1.0022986120766577
2460172.653804553,0.984950773104883,1.0022986120766577
2460172.6538976165,0.9847642755211252,1.0022986120766577
2460172.6539905826,0.9908027664446708,1.0022986120766577
2460172.654083525,0.9883461257132717,1.0022986120766577
2460172.654176534,0.9887683248431549,1.0022986120766577
2460172.65426948,0.9899068218082563,1.0022986120766577
2460172.654362443,0.9904890973780229,1.0022986120766577
2460172.6544554955,0.9899853744058074,1.0022986120766577
2460172.654548339,0.9866055969152647,1.0022986120766577
2460172.6546410285,0.9880457037417751,1.0022986120766577
2460172.6547338986,0.9906661007711394,1.0022986120766577
2460172.654826943,0.9892399059544204,1.0022986120766577
2460172.654919921,0.9877801998631984,1.0022986120766577
2460172.6550128274,0.9886100361243529,1.0022986120766577
2460172.655105869,0.9879648238824552,1.0022986120766577
2460172.655198869,0.9863491059688122,1.0022986120766577
2460172.655291857,0.9842239119720986,1.0022986120766577
2460172.655384897,0.9881730178743642,1.0022986120766577
2460172.655477961,0.9902891252486682,1.0022986120766577
2460172.655570865,0.9920754738585473,1.0022986120766577
2460172.655663599,0.9862225522588032,1.0022986120766577
2460172.6557565685,0.9863836240848834,1.0022986120766577
2460172.6558494936,0.9909061365051377,1.0022986120766577
2460172.6559422184,0.9900783810988841,1.0022986120766577
2460172.6560349315,0.9890002114578565,1.0022986120766577
2460172.656127927,0.987522449563542,1.0022986120766577
2460172.6562208813,0.988388719760146,1.0022986120766577
2460172.6563137206,0.9899300634333552,1.0022986120766577
2460172.6564065,0.9864933366853331,1.0022986120766577
2460172.656499424,0.9869617113111608,1.0022986120766577
2460172.65659243,0.9869992092385641,1.0022986120766577
2460172.656685381,0.989387530916643,1.0022986120766577
2460172.656778216,0.9849318953022353,1.0022986120766577
2460172.656870985,0.9852986065587328,1.0022986120766577
2460172.656963806,0.9900974022581501,1.0022986120766577
2460172.65705668,0.9870433666586917,1.0022986120766577
2460172.6571496176,0.9894218968795138,1.0022986120766577
2460172.6572426814,0.9885699516469397,1.0022986120766577
2460172.6573357214,0.9896265970920606,1.0022986120766577
2460172.657428779,0.9838427747355097,1.0022986120766577
2460172.6575217634,0.9891993186567555,1.0022986120766577
2460172.657614579,0.988095205341678,1.0022986120766577
2460172.657707438,0.9909072692053521,1.0022986120766577
2460172.6578016025,0.9858224557544817,1.0022986120766577
2460172.6578943934,0.9889468647841004,1.0022986120766577
2460172.6579872365,0.9880774834398716,1.0022986120766577
2460172.658080173,0.986450798461665,1.0022986120766577
2460172.6581732985,0.9880460484630126,1.0022986120766577
2460172.6582660754,0.9851774148290905,1.0022986120766577
2460172.65835888,0.9893055987877308,1.0022986120766577
2460172.6584516168,0.9873219025368065,1.0022986120766577
2460172.658544559,0.9878282687291488,1.0022986120766577
2460172.658637496,0.986537466278807,1.0022986120766577
2460172.658730429,0.9923658913314392,1.0022986120766577
2460172.658823748,0.9893097224892121,1.0022986120766577
2460172.658916524,0.9895750195720424,1.0022986120766577
2460172.659009878,0.985193818827374,1.0022986120766577
2460172.6591025535,0.9860701815646628,1.0022986120766577
2460172.6591951377,0.9864654702793995,1.0022986120766577
2460172.6592881004,0.9885056654353827,1.0022986120766577
2460172.659381159,0.9837680528992904,1.0022986120766577
2460172.6594740627,0.9865651947108747,1.0022986120766577
2460172.659566947,0.9878040883868651,1.0022986120766577
2460172.65965974,0.9909235307659745,1.0022986120766577
2460172.65975261,0.9881187550324658,1.0022986120766577
2460172.659845408,0.9863766723052328,1.0022986120766577
2460172.659938152,0.9897459591072308,1.0022986120766577
2460172.660030859,0.9895921718055184,1.0022986120766577
2460172.6601235266,0.9877558953129707,1.0022986120766577
2460172.6602165196,0.9918846712072037,1.0022986120766577
2460172.660309216,0.9902819700628213,1.0022986120766577
2460172.6604021355,0.9862683181420132,1.0022986120766577
2460172.6604949497,0.9862824650623523,1.0022986120766577
2460172.660587866,0.9885934410451009,1.0022986120766577
2460172.6606808,0.9899579485588549,1.0022986120766577
2460172.660773837,0.9916352106741315,1.0022986120766577
2460172.6608667914,0.9878367173983336,1.0022986120766577
2460172.66095962,0.9909832067930462,1.0022986120766577
2460172.661052587,0.987334564454311,1.0022986120766577
2460172.66114546,0.9877250728796619,1.0022986120766577
2460172.661238392,0.986875684789579,1.0022986120766577
2460172.6613312596,0.9861702779571975,1.0022986120766577
2460172.6614243025,0.9870873410363407,1.0022986120766577
2460172.661517302,0.9858075708220257,1.0022986120766577
2460172.6616101665,0.9859160619584457,1.0022986120766577
2460172.6617032327,0.9892937700853018,1.0022986120766577
2460172.661795983,0.9893522070638533,1.0022986120766577
2460172.6618888965,0.9852734692030507,1.0022986120766577
2460172.6619817726,0.990399943189324,1.0022986120766577
2460172.6620744336,0.9867532244384656,1.0022986120766577
2460172.662167404,0.9840143318341009,1.0022986120766577
2460172.6622602665,0.9869430433062981,1.0022986120766577
2460172.662353401,0.9898550549414803,1.0022986120766577
2460172.662446235,0.9875153804398715,1.0022986120766577
2460172.6625392167,0.9864581184000848,1.0022986120766577
2460172.662632209,0.9926802458727136,1.0022986120766577
2460172.6627252717,0.990356361370646,1.0022986120766577
2460172.6628181674,0.9886041100709362,1.0022986120766577
2460172.6629112633,0.9878198984704615,1.0022986120766577
2460172.6630041245,0.9872965914689847,1.0022986120766577
2460172.663096992,0.986518224970875,1.0022986120766577
2460172.663190003,0.9909206713044104,1.0022986120766577
2460172.663283955,0.9892545823375241,1.0022986120766577
2460172.663376943,0.9912382831342411,1.0022986120766577
2460172.6634697584,0.9880286948665553,1.0022986120766577
2460172.6635626103,0.9925679403450081,1.0022986120766577
2460172.6636553807,0.9867567424947402,1.0022986120766577
2460172.6637481903,0.9882239693690621,1.0022986120766577
2460172.6638410357,0.9880097758923957,1.0022986120766577
2460172.663933932,0.9875391291068196,1.0022986120766577
2460172.664026788,0.9893226654348768,1.0022986120766577
2460172.664119796,0.9909386693300241,1.0022986120766577
2460172.664212703,0.9879593646726207,1.0022986120766577
2460172.664305459,0.9886259538399592,1.0022986120766577
2460172.6643984523,0.9892256302495831,1.0022986120766577
2460172.664491367,0.9866646930279405,1.0022986120766577
2460172.6645841,0.9837646584426017,1.0022986120766577
2460172.6646768786,0.9899509706353894,1.0022986120766577
2460172.664769794,0.9853758764406629,1.0022986120766577
2460172.664862725,0.9892756799115476,1.0022986120766577
2460172.664955646,0.987759865563715,1.0022986120766577
2460172.665048444,0.9898354026635912,1.0022986120766577
2460172.665141413,0.9860013790586362,1.0022986120766577
2460172.6652344735,0.9869718906572554,1.0022986120766577
2460172.665327573,0.9899027808848668,1.0022986120766577
2460172.6654200493,0.9866776866102935,1.0022986120766577
2460172.66551296,0.9873859732475017,1.0022986120766577
2460172.6656059646,0.985975261829666,1.0022986120766577
2460172.6656990238,0.9848417686493879,1.0022986120766577
2460172.6657921835,0.9916854880415441,1.0022986120766577
2460172.6658850107,0.9926391802568604,1.0022986120766577
2460172.6659778357,0.989842160937854,1.0022986120766577
2460172.6660708506,0.9856898010272562,1.0022986120766577
2460172.666163697,0.9913782965342273,1.0022986120766577
2460172.6662566466,0.9880668122493846,1.0022986120766577
2460172.666349625,0.9869123644818558,1.0022986120766577
2460172.6664428483,0.992935740626116,1.0022986120766577
2460172.666536208,0.9901418260829199,1.0022986120766577
2460172.6666291454,0.992762898559323,1.0022986120766577
2460172.6667227545,0.9944807008322684,1.0022986120766577
2460172.6668154835,0.9920874535615477,1.0022986120766577
2460172.666908577,0.9895680288593617,1.0022986120766577
2460172.667001269,0.9894914111375854,1.0022986120766577
2460172.66709412,0.9877843731405611,1.0022986120766577
2460172.6671870635,0.9885284135218415,1.0022986120766577
2460172.6672798726,0.9878295097223558,1.0022986120766577
2460172.667372742,0.9860687938727364,1.0022986120766577
2460172.6674655424,0.9890080961199501,1.0022986120766577
2460172.6675584395,0.9871104645279696,1.0022986120766577
2460172.66765145,0.9870004027425281,1.0022986120766577
2460172.6677443665,0.9910529614706816,1.0022986120766577
2460172.6678373544,0.989427917913332,1.0022986120766577
2460172.667930289,0.98821659682556,1.0022986120766577
2460172.6680231886,0.9877962478828534,1.0022986120766577
2460172.668116272,0.9888470775177861,1.0022986120766577
2460172.66820943,0.991194790734789,1.0022986120766577
2460172.6683023786,0.9883605521250273,1.0022986120766577
2460172.6683954867,0.9892357310848856,1.0022986120766577
2460172.6684884164,0.9873732646476707,1.0022986120766577
2460172.6685814015,0.991298944613051,1.0022986120766577
2460172.6686742464,0.9866723879270823,1.0022986120766577
2460172.66876694,0.9885861812260219,1.0022986120766577
2460172.6688597403,0.9845391254933434,1.0022986120766577
2460172.6689527696,0.9908333377758083,1.0022986120766577
2460172.6690456127,0.9887908082467531,1.0022986120766577
2460172.6691385447,0.988060173486635,1.0022986120766577
2460172.6692314926,0.9904888352429432,1.0022986120766577
2460172.669324476,0.9918904157692277,1.0022986120766577
2460172.669417318,0.9899763523650965,1.0022986120766577
2460172.669509783,0.9907820365303475,1.0022986120766577
2460172.669602838,0.9922892001203331,1.0022986120766577
2460172.6696957173,0.9900369369023411,1.0022986120766577
2460172.6697887476,0.9901309057272336,1.0022986120766577
2460172.6698816516,0.9878104501169002,1.0022986120766577
2460172.669974489,0.995549303656161,1.0022986120766577
2460172.6700672256,0.9929340952170582,1.0022986120766577
2460172.6701602098,0.9904321648405512,1.0022986120766577
2460172.67025302,0.9909008252005566,1.0022986120766577
2460172.6703457986,0.9890637982735374,1.0022986120766577
2460172.6704386026,0.991211630246577,1.0022986120766577
2460172.670531689,0.9884210955169561,1.0022986120766577
2460172.670624653,0.9867866479729701,1.0022986120766577
2460172.670717517,0.9900020302560115,1.0022986120766577
2460172.6708104084,0.9916551926644571,1.0022986120766577
2460172.67090318,0.9880933897295981,1.0022986120766577
2460172.6709962236,0.989032643316793,1.0022986120766577
2460172.67108962,0.9884727888974588,1.0022986120766577
2460172.6711823,0.9904854870803688,1.0022986120766577
2460172.6712753004,0.9910537912973377,1.0022986120766577
2460172.671368337,0.9890717482629863,1.0022986120766577
2460172.6714613363,0.9896741212345757,1.0022986120766577
2460172.6715541855,0.9915624708484976,1.0022986120766577
2460172.6716471785,0.9875818806756428,1.0022986120766577
2460172.671740112,0.9889553608600683,1.0022986120766577
2460172.6718329443,0.9861580944789999,1.0022986120766577
2460172.6719258134,0.9880689154014196,1.0022986120766577
2460172.672018845,0.9904493825162156,1.0022986120766577
2460172.672111946,0.9875091684427212,1.0022986120766577
2460172.672204747,0.9877692854255474,1.0022986120766577
2460172.672297558,0.9881597888389426,1.0022986120766577
2460172.672390816,0.9869344058184236,1.0022986120766577
2460172.6724835876,0.9933329806820366,1.0022986120766577
2460172.672576691,0.9869952227611345,1.0022986120766577
2460172.672669585,0.9910338499092806,1.0022986120766577
2460172.672762482,0.9916011502298343,1.0022986120766577
2460172.6728553926,0.9886037903930169,1.0022986120766577
2460172.672948183,0.9913377743776561,1.0022986120766577
2460172.6730408273,0.9901673683196847,1.0022986120766577
2460172.6731336676,0.9938559566955959,1.0022986120766577
2460172.673226522,0.9910392044921633,1.0022986120766577
2460172.673412372,0.991719687973088,1.0022986120766577
2460172.6735055232,0.9916467251299318,1.0022986120766577
2460172.6735989326,0.9910098026064247,1.0022986120766577
2460172.673691813,0.9893154092259725,1.0022986120766577
2460172.673784809,0.9900296468306089,1.0022986120766577
2460172.673877581,0.9860390137579899,1.0022986120766577
2460172.673970557,0.9902110707777707,1.0022986120766577
2460172.6740635717,0.9898882457062922,1.0022986120766577
2460172.674156468,0.9880321811047875,1.0022986120766577
2460172.6742493934,0.9845731041868327,1.0022986120766577
2460172.674342392,0.9886568396674136,1.0022986120766577
2460172.674435379,0.9899895686834069,1.0022986120766577
2460172.6745284684,0.986994009711832,1.0022986120766577
2460172.6746223336,0.9913507136208386,1.0022986120766577
2460172.6747154063,0.994281942987034,1.0022986120766577
2460172.674808395,0.9904624812125306,1.0022986120766577
2460172.6749012033,0.9906226709703977,1.0022986120766577
2460172.6749940747,0.9816704105973121,1.0022986120766577
2460172.675087173,0.9936293915429475,1.0022986120766577
2460172.6751800976,0.9901125476564901,1.0022986120766577
2460172.6752728387,0.9893967125609723,1.0022986120766577
2460172.6753657176,0.9937416916755747,1.0022986120766577
2460172.675458942,0.9923598502078418,1.0022986120766577
2460172.6755520734,0.988303371216242,1.0022986120766577
2460172.6756443926,0.9930781459064688,1.0022986120766577
2460172.675737435,0.9885526229289958,1.0022986120766577
2460172.6758300783,0.991411448591877,1.0022986120766577
2460172.6759234457,0.9893204453134689,1.0022986120766577
2460172.676016406,0.9896269022420866,1.0022986120766577
2460172.676109524,0.9897939345410216,1.0022986120766577
2460172.676202246,0.9870795375307935,1.0022986120766577
2460172.676295288,0.9943286812411839,1.0022986120766577
2460172.676388248,0.9916447742295562,1.0022986120766577
2460172.6764806523,0.9912634524923364,1.0022986120766577
2460172.6765736975,0.9903596334594073,1.0022986120766577
2460172.67666661,0.9894858455837695,1.0022986120766577
2460172.6767595178,0.9909001459537509,1.0022986120766577
2460172.676852592,0.9911358722415705,1.0022986120766577
2460172.6769456114,0.9926969903131959,1.0022986120766577
2460172.6770385364,0.9897237867721276,1.0022986120766577
2460172.6771315713,0.991682686415984,1.0022986120766577
2460172.6772246137,0.9949495284232925,1.0022986120766577
2460172.6773174247,0.9922081613591364,1.0022986120766577
2460172.677410627,0.990973353559905,1.0022986120766577
2460172.6775034503,0.9906682504549065,1.0022986120766577
2460172.6775964336,0.9938192429240532,1.0022986120766577
2460172.6776892473,0.9959660209337616,1.0022986120766577
2460172.677782169,0.9847589228398591,1.0022986120766577
2460172.6778746527,0.9906898920284866,1.0022986120766577
2460172.6779674985,0.9925116504190802,1.0022986120766577
2460172.6780604296,0.9934492215425567,1.0022986120766577
2460172.6781536546,0.9898238452140333,1.0022986120766577
2460172.678246489,0.9882912582809937,1.0022986120766577
2460172.678339088,0.99199461255622,1.0022986120766577
2460172.6784318923,0.9904290013129956,1.0022986120766577
2460172.678524558,0.9886161162785375,1.0022986120766577
2460172.6786170234,0.9932108572952363,1.0022986120766577
2460172.6787097305,0.989937976494491,1.0022986120766577
2460172.678802459,0.994042592444874,1.0022986120766577
2460172.6788950097,0.9912043995509097,1.0022986120766577
2460172.678987713,0.9900403704488127,1.0022986120766577
2460172.679080613,0.9908649947664477,1.0022986120766577
2460172.6791732647,0.9904924043172337,1.0022986120766577
2460172.679266019,0.9914525709059178,1.0022986120766577
2460172.6793586486,0.9929465214255107,1.0022986120766577
2460172.6794514204,0.9930110584726269,1.0022986120766577
2460172.679543906,0.9901320661381287,1.0022986120766577
2460172.6796365934,0.9927506501456935,1.0022986120766577
2460172.679729296,0.9929189845585104,1.0022986120766577
2460172.6798219606,0.9943102874310313,1.0022986120766577
2460172.679914653,0.9941404134116882,1.0022986120766577
2460172.6800072985,0.994752958545725,1.0022986120766577
2460172.68010009,0.9889061209339162,1.0022986120766577
2460172.6801928547,0.9881108795303492,1.0022986120766577
2460172.68028552,0.9927413324096146,1.0022986120766577
2460172.680378061,0.9926829185489224,1.0022986120766577
2460172.680470818,0.9915808202285696,1.0022986120766577
2460172.680563538,0.9936694046611804,1.0022986120766577
2460172.680656072,0.9945406051270786,1.0022986120766577
2460172.680748625,0.9911850491286804,1.0022986120766577
2460172.6808414236,0.9916849591086602,1.0022986120766577
2460172.6809341055,0.9923304482833359,1.0022986120766577
2460172.6810268327,0.9937889723453756,1.0022986120766577
2460172.681119502,0.9945114521533778,1.0022986120766577
2460172.6812121957,0.990561839757098,1.0022986120766577
2460172.6813048404,0.9925419201188995,1.0022986120766577
2460172.6813975032,0.9942324103127225,1.0022986120766577
2460172.681490117,0.9912046666330366,1.0022986120766577
2460172.681582782,0.995202225044552,1.0022986120766577
2460172.681675389,0.994271927236021,1.0022986120766577
2460172.6817679605,0.9942664751712056,1.0022986120766577
2460172.6818606486,0.9931090183777641,1.0022986120766577
2460172.6819533687,0.993907162571655,1.0022986120766577
2460172.6820461326,0.9921091858225782,1.0022986120766577
2460172.6821390423,0.989329691367202,1.0022986120766577
2460172.682231691,0.9927852805152969,1.0022986120766577
2460172.68232454,0.9877172207105044,1.0022986120766577
2460172.682417109,0.988566962025747,1.0022986120766577
2460172.6825096863,0.9944419807485968,1.0022986120766577
2460172.682602275,0.9938339527233039,1.0022986120766577
2460172.6826949175,0.9953928714736611,1.0022986120766577
2460172.682787589,0.9928031930822073,1.0022986120766577
2460172.682880207,0.9968849183953173,1.0022986120766577
2460172.6829727604,0.9960086748965786,1.0022986120766577
2460172.683065464,0.9942311829315215,1.0022986120766577
2460172.68315797,0.9962429740011106,1.0022986120766577
2460172.6832507104,0.9937308313624384,1.0022986120766577
2460172.6833432405,0.992615769476366,1.0022986120766577
2460172.683435774,0.9922470665928544,1.0022986120766577
2460172.6835283865,0.9933515742159484,1.0022986120766577
2460172.683620965,0.9951897639734635,1.0022986120766577
2460172.6837135497,0.993605017942976,1.0022986120766577
2460172.683806198,0.9933559031747317,1.0022986120766577
2460172.6838988382,0.9945814168650222,1.0022986120766577
2460172.683991457,0.9931171214068854,1.0022986120766577
2460172.6840843395,0.9954057420219682,1.0022986120766577
2460172.684177115,0.9947175021690916,1.0022986120766577
2460172.684269872,0.9955586167031092,1.0022986120766577
2460172.6843625037,0.9953578952154881,1.0022986120766577
2460172.6844550855,0.9956959071155347,1.0022986120766577
2460172.684547803,0.9984511285825292,1.0022986120766577
2460172.6846405803,0.994578465687003,1.0022986120766577
2460172.684733194,0.9936607816064446,1.0022986120766577
2460172.684825903,0.9964211370547191,1.0022986120766577
2460172.684918515,0.9970544596570979,1.0022986120766577
2460172.685011571,0.9958715164556744,1.0022986120766577
2460172.6851040027,0.9955361930160453,1.0022986120766577
2460172.6851973296,0.9979260983278918,1.0022986120766577
2460172.6852900917,0.9951436278975996,1.0022986120766577
2460172.6853826717,0.9959821842138805,1.0022986120766577
2460172.685475352,0.995546230415318,1.0022986120766577
2460172.6855679154,0.9960803903474962,1.0022986120766577
2460172.685660628,0.994544552583972,1.0022986120766577
2460172.6857532454,0.9972724151758192,1.0022986120766577
2460172.6858460815,0.9979523989410333,1.0022986120766577
2460172.685938593,0.9963614924071036,1.0022986120766577
2460172.6860312913,0.9965365620891158,1.0022986120766577
2460172.6861239783,0.9958356380846484,1.0022986120766577
2460172.6862165895,0.9941754170723016,1.0022986120766577
2460172.68630943,0.9939300733220805,1.0022986120766577
2460172.686402105,0.9936855815844425,1.0022986120766577
2460172.686495361,0.996174113798253,1.0022986120766577
2460172.6865879563,0.997022453682946,1.0022986120766577
2460172.6866806103,0.9937003322433619,1.0022986120766577
2460172.686773178,0.9978660346548712,1.0022986120766577
2460172.6868665535,0.9979512900723676,1.0022986120766577
2460172.686959215,0.995267241432689,1.0022986120766577
2460172.6870519714,0.9966935578324214,1.0022986120766577
2460172.687144606,0.9988637523698927,1.0022986120766577
2460172.687238208,0.9988294857196615,1.0022986120766577
2460172.687330859,0.9947778367440052,1.0022986120766577
2460172.6874236357,0.9968380389609416,1.0022986120766577
2460172.6875164057,0.996391623738674,1.0022986120766577
2460172.6876092535,0.996759307967915,1.0022986120766577
2460172.687701911,0.9967150047515217,1.0022986120766577
2460172.6877947263,0.9946331376127437,1.0022986120766577
2460172.6878877124,0.9994227061241471,1.0022986120766577
2460172.687980339,0.9999029413071552,1.0022986120766577
2460172.688072864,0.9979239183107034,1.0022986120766577
2460172.6881655185,0.9981574101969479,1.0022986120766577
2460172.6882581934,0.9969536244736825,1.0022986120766577
2460172.688350584,0.996273947693915,1.0022986120766577
2460172.688443093,0.9982477650723748,1.0022986120766577
2460172.6885358687,0.9938809263107037,1.0022986120766577
2460172.6886284193,0.9972602029746829,1.0022986120766577
2460172.6887211106,0.9975898767292567,1.0022986120766577
2460172.688813709,0.9988412099510681,1.0022986120766577
2460172.6889064144,0.9976058065285117,1.0022986120766577
2460172.6889991104,0.9999461636263669,1.0022986120766577
2460172.689091922,0.9951243653571026,1.0022986120766577
2460172.689184621,0.9977214333163211,1.0022986120766577
2460172.6892772606,1.0023027991514313,1.0022986120766577
2460172.6893700827,0.9977706517113089,1.0022986120766577
2460172.689462779,0.9984558039716026,1.0022986120766577
2460172.689555433,0.9986632202058587,1.0022986120766577
2460172.6896480257,0.9944584143895205,1.0022986120766577
2460172.689740412,0.9966745326875891,1.0022986120766577
2460172.689833053,0.9975048391578146,1.0022986120766577
2460172.689925779,0.9989133467635518,1.0022986120766577
2460172.69001856,0.9983666934308819,1.0022986120766577
2460172.690111306,1.0004131291893783,1.0022986120766577
2460172.690203961,0.9982699664625402,1.0022986120766577
2460172.6902964963,1.0009645117471515,1.0022986120766577
2460172.690389013,0.995637259044216,1.0022986120766577
2460172.69048167,0.9943762891289977,1.0022986120766577
2460172.69057446,0.9959917820074689,1.0022986120766577
2460172.6906673303,0.9999006805956514,1.0022986120766577
2460172.6907600206,0.9968299638014654,1.0022986120766577
2460172.690852857,1.0006204381478199,1.0022986120766577
2460172.6909457822,0.998838413361867,1.0022986120766577
2460172.69103858,0.9999978882355087,1.0022986120766577
2460172.6911310926,0.9993320354472071,1.0022986120766577
2460172.691223635,1.0008118526841134,1.0022986120766577
2460172.6913162568,0.9963735130940121,1.0022986120766577
2460172.691408989,1.0005652624126848,1.0022986120766577
2460172.691501691,0.9966620814414239,1.0022986120766577
2460172.6915943027,0.9952215835884263,1.0022986120766577
2460172.691687933,0.9946906875826201,1.0022986120766577
2460172.691780878,0.9965789161936811,1.0022986120766577
2460172.691873422,0.9972711706912558,1.0022986120766577
2460172.6919662254,0.9996956443323667,1.0022986120766577
2460172.69205891,1.0030808454252826,1.0022986120766577
2460172.6921517476,1.0028404606194414,1.0022986120766577
2460172.6922443486,0.9981008183194029,1.0022986120766577
2460172.6923371055,1.0012803053914772,1.0022986120766577
2460172.6924298666,1.0026247185709765,1.0022986120766577
2460172.692522537,0.9995679933839796,1.0022986120766577
2460172.692615455,1.0025765385718415,1.0022986120766577
2460172.6927079707,1.0002907711700175,1.0022986120766577
2460172.6928007687,0.9955085761818906,1.0022986120766577
2460172.6928934455,0.998372625805059,1.0022986120766577
2460172.692986247,1.0038716948849142,1.0022986120766577
2460172.693078796,0.9960293279577664,1.0022986120766577
2460172.6931714313,1.0020309565302832,1.0022986120766577
2460172.693264068,0.9968761121125749,1.0022986120766577
2460172.693356861,0.9988858589761753,1.0022986120766577
2460172.693449565,0.9961001702920773,1.0022986120766577
2460172.6935421173,1.0026632375709574,1.0022986120766577
2460172.6936346767,1.0009350994629516,1.0022986120766577
2460172.693727435,0.9994949616323713,1.0022986120766577
2460172.693819975,1.001804076578435,1.0022986120766577
2460172.6939126533,0.9969404850137543,1.0022986120766577
2460172.6940051406,0.9993818390332623,1.0022986120766577
2460172.694097785,1.0003317922716761,1.0022986120766577
2460172.6941905636,0.9967241355334377,1.0022986120766577
2460172.6942833182,0.9957405342351318,1.0022986120766577
2460172.69437619,0.9963466953239254,1.0022986120766577
2460172.694468787,0.9997246636515619,1.0022986120766577
2460172.6945612524,1.0034815107272101,1.0022986120766577
2460172.6946540107,0.9997059707517078,1.0022986120766577
2460172.694746631,1.0007737041687315,1.0022986120766577
2460172.694839213,1.0033637560569968,1.0022986120766577
2460172.694931878,0.9995452621314743,1.0022986120766577
2460172.6950245984,0.9979461286911746,1.0022986120766577
2460172.6951172,0.9998083083020535,1.0022986120766577
2460172.6952099795,0.9992873120295678,1.0022986120766577
2460172.6953026014,0.9991149473784224,1.0022986120766577
2460172.695395257,1.0011446208848542,1.0022986120766577
2460172.6954879346,1.0011243958402674,1.0022986120766577
2460172.6955805924,1.0032773798723398,1.0022986120766577
2460172.695673307,0.9968319441719893,1.0022986120766577
2460172.695766426,1.0006649148640696,1.0022986120766577
2460172.695859114,1.0028312006918327,1.0022986120766577
2460172.6959514935,0.996022783096283,1.0022986120766577
2460172.696044123,0.9995893069889757,1.0022986120766577
2460172.6961370637,1.001483394144415,1.0022986120766577
2460172.696229696,0.9989187304885974,1.0022986120766577
2460172.696322385,0.9998748089769735,1.0022986120766577
2460172.6964154895,1.002392685757078,1.0022986120766577
2460172.6965081654,1.002215557348716,1.0022986120766577
2460172.6966007533,0.9969475353864848,1.0022986120766577
2460172.6967862337,1.0008876163852019,1.0022986120766577
2460172.696878796,1.0026766822143205,1.0022986120766577
2460172.6969716894,1.0011153489007634,1.0022986120766577
2460172.697064474,0.998998540410783,1.0022986120766577
2460172.6971571012,1.0005281179890237,1.0022986120766577
2460172.697249684,1.0010281071307843,1.0022986120766577
2460172.697342153,1.0055149376709773,1.0022986120766577
2460172.6974348356,1.0038222971905915,1.0022986120766577
2460172.697527436,1.002561848431675,1.0022986120766577
2460172.6976200575,1.0019231637597874,1.0022986120766577
2460172.697712712,0.9997331262816835,1.0022986120766577
2460172.6978059653,1.0004370889933358,1.0022986120766577
2460172.697898463,1.001409917292816,1.0022986120766577
2460172.697991213,0.9988940806183936,1.0022986120766577
2460172.698083908,0.9993173827062205,1.0022986120766577
2460172.698176552,0.9972303001096308,1.0022986120766577
2460172.6982692587,1.0043691571705855,1.0022986120766577
2460172.698361797,0.995006412144715,1.0022986120766577
2460172.698454488,0.9989267681468422,1.0022986120766577
2460172.6985471724,0.9998873781800809,1.0022986120766577
2460172.6986399605,1.0000015389817318,1.0022986120766577
2460172.6987325614,0.9992900247574462,1.0022986120766577
2460172.698825075,1.0054675465948988,1.0022986120766577
2460172.698917767,1.0001844563353053,1.0022986120766577
2460172.6990106176,0.9972669386659079,1.0022986120766577
2460172.6991033345,0.9983562003196236,1.0022986120766577
2460172.699196019,1.0038398510596405,1.0022986120766577
2460172.6992885224,0.999604077684869,1.0022986120766577
2460172.69938111,1.000270161890134,1.0022986120766577
2460172.6994737117,0.9850508592062655,1.0022986120766577
2460172.699566386,1.0010512797264748,1.0022986120766577
2460172.6996590504,1.0019006521228417,1.0022986120766577
2460172.699751708,1.0032112783578615,1.0022986120766577
2460172.6998443017,1.0010753826969998,1.0022986120766577
2460172.6999369524,1.000480725813891,1.0022986120766577
2460172.700029722,1.001332257141404,1.0022986120766577
2460172.7001222754,0.997429799184266,1.0022986120766577
2460172.7002151366,1.0005120543812147,1.0022986120766577
2460172.7003078246,1.00251024452716,1.0022986120766577
2460172.7004005327,1.0046565161871657,1.0022986120766577
2460172.700493061,1.0038267414780715,1.0022986120766577
2460172.700585838,0.9913519386123415,1.0022986120766577
2460172.700678667,1.0013314614396445,1.0022986120766577
2460172.7007713444,0.998729340693746,1.0022986120766577
2460172.700863891,1.0043924026896,1.0022986120766577
2460172.7009565155,1.0024113807539003,1.0022986120766577
2460172.7010489735,0.9993946575691222,1.0022986120766577
2460172.701141535,0.9858555324175647,1.0022986120766577
2460172.7012342284,0.9932499373183492,1.0022986120766577
2460172.7013271824,1.0003128556046843,1.0022986120766577
2460172.7014195984,0.9986789137463946,1.0022986120766577
2460172.7015123367,1.0030092707392728,1.0022986120766577
2460172.701605075,1.005367362658105,1.0022986120766577
2460172.7016978282,1.002198852899102,1.0022986120766577
2460172.701790462,1.0034471912167102,1.0022986120766577
2460172.7018830925,1.0000956951126487,1.0022986120766577
2460172.7019757535,1.0039529921716084,1.0022986120766577
2460172.702068409,1.0032330230328728,1.0022986120766577
2460172.7021611584,0.9971150304179304,1.0022986120766577
2460172.70225391,1.0079537578473265,1.0022986120766577
2460172.7023467226,0.9977566940819328,1.0022986120766577
2460172.702439349,1.002990678714768,1.0022986120766577
2460172.702532035,1.0011331184385888,1.0022986120766577
2460172.7026246963,0.9998530607101515,1.0022986120766577
2460172.702717362,0.9967448375637101,1.0022986120766577
2460172.7028100127,1.0032190341110196,1.0022986120766577
2460172.7029025014,0.99677025921207,1.0022986120766577
2460172.702995171,0.9966488709372823,1.0022986120766577
2460172.703087969,0.9997364280861946,1.0022986120766577
2460172.703180645,1.0018097075083863,1.0022986120766577
2460172.7032732875,0.9999609326190323,1.0022986120766577
2460172.70336601,0.9979254269530243,1.0022986120766577
2460172.7034587553,1.0020557700709511,1.0022986120766577
2460172.70355135,0.9987396756379947,1.0022986120766577
2460172.703644293,1.003594898353223,1.0022986120766577
2460172.7037369907,1.0009245727947944,1.0022986120766577
2460172.703829879,0.9997796692645579,1.0022986120766577
2460172.703922557,0.9976579844847964,1.0022986120766577
2460172.7040152545,0.9985805900554883,1.0022986120766577
2460172.704107935,1.0014023534567233,1.0022986120766577
2460172.7042006264,0.9986931112314122,1.0022986120766577
2460172.7042930904,1.0004290340198114,1.0022986120766577
2460172.704385819,0.9950065570918134,1.0022986120766577
2460172.704478519,0.999415054180724,1.0022986120766577
2460172.7045712597,0.9951267298103558,1.0022986120766577
2460172.7046640725,0.9962302396401739,1.0022986120766577
2460172.7047566148,1.002381730584147,1.0022986120766577
2460172.7048492855,1.0017990485394164,1.0022986120766577
2460172.7049417957,0.9993809794332992,1.0022986120766577
2460172.7050346355,0.9840854640712902,1.0022986120766577
2460172.7051274185,1.0004535419741927,1.0022986120766577
2460172.705220131,0.9999854769351191,1.0022986120766577
2460172.7053128164,0.9979327454756041,1.0022986120766577
2460172.705405623,1.0002265778423938,1.0022986120766577
2460172.705498237,1.0008165875563872,1.0022986120766577
2460172.705590729,0.9991418694225167,1.0022986120766577
2460172.705683816,1.0008608324712054,1.0022986120766577
2460172.7057765163,0.9987352772059092,1.0022986120766577
2460172.705869124,1.0043293515030833,1.0022986120766577
2460172.705961891,1.0006356972735782,1.0022986120766577
2460172.7060545776,0.9991023637371973,1.0022986120766577
2460172.7061471436,0.98819295203795,1.0022986120766577
2460172.7062398633,0.9980528642500226,1.0022986120766577
2460172.7063325555,0.9993847524340244,1.0022986120766577
2460172.7064250493,0.9998429283625553,1.0022986120766577
2460172.706517717,0.9993301291108356,1.0022986120766577
2460172.7066103,1.0013314771528354,1.0022986120766577
2460172.7067031167,0.9943259758114691,1.0022986120766577
2460172.7067957376,0.9978956010864877,1.0022986120766577
2460172.706888578,1.0022424419848828,1.0022986120766577
2460172.7069811774,1.0023877683197664,1.0022986120766577
2460172.707073808,0.9988484661516094,1.0022986120766577
2460172.7071665013,0.9984928657366993,1.0022986120766577
2460172.7072590664,1.0007456049686663,1.0022986120766577
2460172.7073517637,1.0032414631102824,1.0022986120766577
2460172.7074444746,1.0003790229417122,1.0022986120766577
2460172.7075372087,1.002007084118518,1.0022986120766577
2460172.707629902,0.9950359492656499,1.0022986120766577
2460172.707722599,1.0008801421639428,1.0022986120766577
2460172.7078150143,0.9998586095761294,1.0022986120766577
2460172.7079078243,0.9984304521148802,1.0022986120766577
2460172.7080004457,0.9994066949451818,1.0022986120766577
2460172.708093251,1.0001131043993843,1.0022986120766577
2460172.708185806,1.0046270800530535,1.0022986120766577
2460172.7082784455,1.0037287515503435,1.0022986120766577
2460172.708371017,1.0006161164501082,1.0022986120766577
2460172.708463555,1.0040302486007902,1.0022986120766577
2460172.7085559526,1.0031190075997842,1.0022986120766577
2460172.7086487547,0.9998969658675455,1.0022986120766577
2460172.7087413124,0.998425497200648,1.0022986120766577
2460172.708834112,0.9971110985279086,1.0022986120766577
2460172.7089267974,1.000602331911098,1.0022986120766577
2460172.7090195226,1.0006112568484908,1.0022986120766577
2460172.7091121003,0.9999723295555936,1.0022986120766577
2460172.709204667,0.999602461860391,1.0022986120766577
2460172.7092974246,1.0004176993250549,1.0022986120766577
2460172.7093900847,1.0040298041885216,1.0022986120766577
2460172.7094828594,1.0013860068325091,1.0022986120766577
2460172.709575942,0.9983828862446747,1.0022986120766577
2460172.709668619,0.9967152857136096,1.0022986120766577
2460172.7097612657,1.0002060609353365,1.0022986120766577
2460172.709853752,0.9996436562193626,1.0022986120766577
2460172.7099464866,1.0053514120902338,1.0022986120766577
2460172.7100390093,0.9995538408320235,1.0022986120766577
2460172.7101317476,0.999446320816528,1.0022986120766577
2460172.7102245493,0.9966851511916476,1.0022986120766577
2460172.7103173085,1.0020007966898674,1.0022986120766577
2460172.710409843,0.9993875185585557,1.0022986120766577
2460172.7105023987,0.9996466048337519,1.0022986120766577
2460172.7105947137,1.0004836946210454,1.0022986120766577
2460172.7106872583,0.9956420735332105,1.0022986120766577
2460172.710779934,1.0007615980951157,1.0022986120766577
2460172.7108727824,0.9984169686988925,1.0022986120766577
2460172.7109655226,1.0032691531618112,1.0022986120766577
2460172.711058218,0.9987021019524568,1.0022986120766577
2460172.71115093,1.002757526703925,1.0022986120766577
2460172.711243653,0.9998882004483298,1.0022986120766577
2460172.711336259,1.000399542054754,1.0022986120766577
2460172.711428828,0.9973227062160266,1.0022986120766577
2460172.711521567,1.0012992674362946,1.0022986120766577
2460172.711614278,0.9992935426292573,1.0022986120766577
2460172.7117070192,1.0022331011011272,1.0022986120766577
2460172.7117997734,0.999076996869206,1.0022986120766577
2460172.711892376,0.9988920813427714,1.0022986120766577
2460172.7119849157,1.0008251509351163,1.0022986120766577
2460172.7120774975,1.0022641532325114,1.0022986120766577
2460172.712170192,0.9934688320517107,1.0022986120766577
2460172.7122629774,0.9966816636777126,1.0022986120766577
2460172.7123557157,1.0013987144896905,1.0022986120766577
2460172.712449108,0.9951028296606786,1.0022986120766577
2460172.712541905,0.9996777441859692,1.0022986120766577
2460172.712634213,0.9990777068620255,1.0022986120766577
2460172.7127271155,1.0008523297831986,1.0022986120766577
2460172.7128199255,1.0025779584191459,1.0022986120766577
2460172.7129124557,1.002410294836673,1.0022986120766577
2460172.7130050315,0.9985809049957219,1.0022986120766577
2460172.713097727,1.0015926608104762,1.0022986120766577
2460172.71319045,0.9997806470503935,1.0022986120766577
2460172.7132832278,1.003472654087846,1.0022986120766577
2460172.7133758543,0.9991908158131957,1.0022986120766577
2460172.713468362,1.0023087202876029,1.0022986120766577
2460172.713561134,0.9987609012709793,1.0022986120766577
2460172.7136536813,1.000478658481064,1.0022986120766577
2460172.7137464085,0.994285487977748,1.0022986120766577
2460172.7138391496,0.9985234130009012,1.0022986120766577
2460172.7139317538,0.9977253844121134,1.0022986120766577
2460172.714024185,1.0058809267701978,1.0022986120766577
2460172.7141168606,1.0022292857473005,1.0022986120766577
2460172.7142097275,1.0007891300591019,1.0022986120766577
2460172.714302438,0.9957758966924272,1.0022986120766577
2460172.7143951883,0.9984336997111133,1.0022986120766577
2460172.714488693,1.0036293887327632,1.0022986120766577
2460172.7145813014,1.002380294393623,1.0022986120766577
2460172.714673972,1.0030686336669115,1.0022986120766577
2460172.7147667734,0.9990126687453259,1.0022986120766577
2460172.7148596337,1.000094307311842,1.0022986120766577
2460172.7149523953,1.000584835437274,1.0022986120766577
2460172.7150449585,0.9977420616194653,1.0022986120766577
2460172.7151376563,0.9985339793853656,1.0022986120766577
2460172.7152302605,0.9974448907734383,1.0022986120766577
2460172.715323079,1.0000625910479353,1.0022986120766577
2460172.7154158168,0.9991634598300887,1.0022986120766577
2460172.7155084577,0.9989587333537577,1.0022986120766577
2460172.7156011625,0.9989295544083618,1.0022986120766577
2460172.7156938114,0.9999918394076948,1.0022986120766577
2460172.7157863737,1.002330828277095,1.0022986120766577
2460172.7158791535,1.0024749005757712,1.0022986120766577
2460172.7159718988,1.0031586219249224,1.0022986120766577
2460172.7160646594,1.00162673374095,1.0022986120766577
2460172.7161572254,0.9988405034135314,1.0022986120766577
2460172.7162500876,1.0018225365081501,1.0022986120766577
2460172.716342749,1.000026661637251,1.0022986120766577
2460172.7164355037,1.0002837444573083,1.0022986120766577
2460172.7165281703,1.0030663910180517,1.0022986120766577
2460172.71662084,1.0014482022925189,1.0022986120766577
2460172.7167134965,1.000187764499402,1.0022986120766577
2460172.716806183,0.9967551927206773,1.0022986120766577
2460172.7168988558,1.0008460906039438,1.0022986120766577
2460172.7169915284,1.0013255039077507,1.0022986120766577
2460172.7170842015,1.0030646954394433,1.0022986120766577
2460172.7171768933,1.0024032428866798,1.0022986120766577
2460172.7172697275,0.9987534368983164,1.0022986120766577
2460172.717362352,1.0000184859189443,1.0022986120766577
2460172.717455145,0.9991878607440027,1.0022986120766577
2460172.7175477766,0.9980927316241128,1.0022986120766577
2460172.7176404214,1.0006195445989656,1.0022986120766577
2460172.7177329534,0.9990688226548534,1.0022986120766577
2460172.71782559,0.9966343755554801,1.0022986120766577
2460172.717918177,0.9984653322014011,1.0022986120766577
2460172.7180109746,1.0000535157249906,1.0022986120766577
2460172.71810369,0.9987394791278643,1.0022986120766577
2460172.718196412,1.0039973077547089,1.0022986120766577
2460172.7182894186,0.9989741116051752,1.0022986120766577
2460172.7183820577,0.995648165711822,1.0022986120766577
2460172.718474807,1.0007770343601665,1.0022986120766577
2460172.7185676084,1.0035222319234391,1.0022986120766577
2460172.718660265,1.000668111156892,1.0022986120766577
2460172.7187529644,0.9992091309953278,1.0022986120766577
2460172.7188454526,0.9985025356712833,1.0022986120766577
2460172.7189380466,0.9990763257084762,1.0022986120766577
2460172.719030592,0.9997508183967233,1.0022986120766577
2460172.7191231083,1.0031480877273584,1.0022986120766577
2460172.7192159956,1.0023852746328563,1.0022986120766577
2460172.719308675,1.0022296185400401,1.0022986120766577
2460172.719401498,1.0002095201778296,1.0022986120766577
2460172.719494256,1.0004461771800237,1.0022986120766577
2460172.7195870727,0.9953138004611782,1.0022986120766577
2460172.719679896,0.9979390373219065,1.0022986120766577
2460172.71977263,0.999979669972384,1.0022986120766577
2460172.7198652946,0.9977526138585836,1.0022986120766577
2460172.7199579477,1.0026288380982737,1.0022986120766577
2460172.720050661,0.9986783881856109,1.0022986120766577
2460172.7201432576,0.9986833882357958,1.0022986120766577
2460172.7202358968,1.0005789767749242,1.0022986120766577
2460172.7203285457,0.9999499937527553,1.0022986120766577
2460172.720421308,0.9991208212739637,1.0022986120766577
2460172.720513919,0.9994056437149547,1.0022986120766577
2460172.7206066106,1.0026395806491557,1.0022986120766577
2460172.7206993317,1.0041480887654013,1.0022986120766577
2460172.7207920398,0.9988729126921139,1.0022986120766577
2460172.7208847636,1.0021342379413232,1.0022986120766577
2460172.7209769567,0.9989568068553162,1.0022986120766577
2460172.7210694985,0.9991943604981247,1.0022986120766577
2460172.721162131,1.0030810816713152,1.0022986120766577
2460172.721254788,1.0008778897372916,1.0022986120766577
2460172.7213474084,1.0003594651799514,1.0022986120766577
2460172.721439961,0.9982986995757331,1.0022986120766577
2460172.721532615,0.9971232904250242,1.0022986120766577
2460172.721625371,1.0016504492515155,1.0022986120766577
2460172.721718087,0.9990313939487518,1.0022986120766577
2460172.7218107847,1.0041465408674453,1.0022986120766577
2460172.721903487,0.9978346437056846,1.0022986120766577
2460172.7219961206,0.9947054596170849,1.0022986120766577
2460172.722088879,0.9921795261470304,1.0022986120766577
2460172.7221816657,1.003878861397219,1.0022986120766577
2460172.722274413,0.9981754353954121,1.0022986120766577
2460172.722367057,0.9969440993478678,1.0022986120766577
2460172.7224596012,0.9965711650170764,1.0022986120766577
2460172.722552201,0.9978767182057816,1.0022986120766577
2460172.7226451063,1.0004293216533244,1.0022986120766577
2460172.72273787,1.0012135026446467,1.0022986120766577
2460172.722830593,0.9995043461584149,1.0022986120766577
2460172.7229232974,1.0004916581050187,1.0022986120766577
2460172.723016251,0.9966887750186914,1.0022986120766577
2460172.7231089477,0.9977078542345216,1.0022986120766577
2460172.7232017643,0.9977503564325497,1.0022986120766577
2460172.7232945687,1.0023609576081007,1.0022986120766577
2460172.723387363,0.9989147354992935,1.0022986120766577
2460172.72347992,0.9996185870883624,1.0022986120766577
2460172.723572735,1.002736804284667,1.0022986120766577
2460172.723665344,0.9978065488662743,1.0022986120766577
2460172.723758143,1.0016594709046702,1.0022986120766577
2460172.723850939,1.0002971274139245,1.0022986120766577
2460172.7239437085,0.998255429410429,1.0022986120766577
2460172.7240364356,0.9984008496183931,1.0022986120766577
2460172.724129171,0.997699109899237,1.0022986120766577
2460172.724221959,1.0005247378752788,1.0022986120766577
2460172.724314672,0.9993957335449611,1.0022986120766577
2460172.724407487,1.0001144759183345,1.0022986120766577
2460172.7245002748,1.001006965686525,1.0022986120766577
